ISO-10303-21;
HEADER;
/* Generated by software containing ST-Developer
 * from STEP Tools, Inc. (www.steptools.com) 
 */

FILE_DESCRIPTION(
/* description */ (''),
/* implementation_level */ '2;1');

FILE_NAME(
/* name */ 'Full 3D Model.step',
/* time_stamp */ '2026-08-29T00:45:17+03:00',
/* author */ (''),
/* organization */ (''),
/* preprocessor_version */ 'ST-DEVELOPER v20.1',
/* originating_system */ 'Autodesk Translation Framework v15.8.0.0',
/* authorisation */ '');

FILE_SCHEMA (('AUTOMOTIVE_DESIGN { 1 0 10303 214 3 1 1 }'));
ENDSEC;

DATA;
#10=MECHANICAL_DESIGN_GEOMETRIC_PRESENTATION_REPRESENTATION('',(#29,#30,
#31),#3013);
#11=ITEM_DEFINED_TRANSFORMATION($,$,#1733,#1832);
#12=ITEM_DEFINED_TRANSFORMATION($,$,#1756,#1833);
#13=ITEM_DEFINED_TRANSFORMATION($,$,#1765,#1834);
#14=(
REPRESENTATION_RELATIONSHIP($,$,#3030,#3029)
REPRESENTATION_RELATIONSHIP_WITH_TRANSFORMATION(#11)
SHAPE_REPRESENTATION_RELATIONSHIP()
);
#15=(
REPRESENTATION_RELATIONSHIP($,$,#3031,#3029)
REPRESENTATION_RELATIONSHIP_WITH_TRANSFORMATION(#12)
SHAPE_REPRESENTATION_RELATIONSHIP()
);
#16=(
REPRESENTATION_RELATIONSHIP($,$,#3032,#3029)
REPRESENTATION_RELATIONSHIP_WITH_TRANSFORMATION(#13)
SHAPE_REPRESENTATION_RELATIONSHIP()
);
#17=CONTEXT_DEPENDENT_SHAPE_REPRESENTATION(#14,#3026);
#18=CONTEXT_DEPENDENT_SHAPE_REPRESENTATION(#15,#3027);
#19=CONTEXT_DEPENDENT_SHAPE_REPRESENTATION(#16,#3028);
#20=NEXT_ASSEMBLY_USAGE_OCCURRENCE('Body Tube:1','Body Tube:1',
'Body Tube:1',#3034,#3035,'Body Tube:1');
#21=NEXT_ASSEMBLY_USAGE_OCCURRENCE('Hood:1','Hood:1','Hood:1',#3034,#3036,
'Hood:1');
#22=NEXT_ASSEMBLY_USAGE_OCCURRENCE('Back Plate:1','Back Plate:1',
'Back Plate:1',#3034,#3037,'Back Plate:1');
#23=SHAPE_REPRESENTATION_RELATIONSHIP('SRR','None',#3030,#26);
#24=SHAPE_REPRESENTATION_RELATIONSHIP('SRR','None',#3031,#27);
#25=SHAPE_REPRESENTATION_RELATIONSHIP('SRR','None',#3032,#28);
#26=ADVANCED_BREP_SHAPE_REPRESENTATION('',(#32),#3010);
#27=ADVANCED_BREP_SHAPE_REPRESENTATION('',(#33),#3011);
#28=ADVANCED_BREP_SHAPE_REPRESENTATION('',(#34),#3012);
#29=STYLED_ITEM('',(#3053),#32);
#30=STYLED_ITEM('',(#3053),#33);
#31=STYLED_ITEM('',(#3053),#34);
#32=MANIFOLD_SOLID_BREP('Body1',#1695);
#33=MANIFOLD_SOLID_BREP('Body1',#1696);
#34=MANIFOLD_SOLID_BREP('Body1',#1697);
#35=CYLINDRICAL_SURFACE('',#1744,6.);
#36=CYLINDRICAL_SURFACE('',#1786,25.);
#37=CYLINDRICAL_SURFACE('',#1794,25.);
#38=CYLINDRICAL_SURFACE('',#1796,25.);
#39=CYLINDRICAL_SURFACE('',#1804,25.);
#40=CYLINDRICAL_SURFACE('',#1806,25.);
#41=CYLINDRICAL_SURFACE('',#1817,25.);
#42=CYLINDRICAL_SURFACE('',#1819,2.10000000000001);
#43=CYLINDRICAL_SURFACE('',#1821,2.10000000000001);
#44=CYLINDRICAL_SURFACE('',#1823,2.1);
#45=CYLINDRICAL_SURFACE('',#1825,2.1);
#46=CIRCLE('',#1738,6.);
#47=CIRCLE('',#1745,6.);
#48=CIRCLE('',#1776,25.);
#49=CIRCLE('',#1777,25.);
#50=CIRCLE('',#1778,25.);
#51=CIRCLE('',#1779,25.);
#52=CIRCLE('',#1780,25.);
#53=CIRCLE('',#1781,25.);
#54=CIRCLE('',#1782,2.10000000000001);
#55=CIRCLE('',#1783,2.10000000000001);
#56=CIRCLE('',#1784,2.1);
#57=CIRCLE('',#1785,2.1);
#58=CIRCLE('',#1787,25.);
#59=CIRCLE('',#1795,25.);
#60=CIRCLE('',#1797,25.);
#61=CIRCLE('',#1805,25.);
#62=CIRCLE('',#1807,25.);
#63=CIRCLE('',#1818,25.);
#64=CIRCLE('',#1820,2.10000000000001);
#65=CIRCLE('',#1822,2.10000000000001);
#66=CIRCLE('',#1824,2.1);
#67=CIRCLE('',#1826,2.1);
#68=FACE_BOUND('',#242,.T.);
#69=FACE_BOUND('',#248,.T.);
#70=FACE_BOUND('',#259,.T.);
#71=FACE_BOUND('',#261,.T.);
#72=FACE_BOUND('',#267,.T.);
#73=FACE_BOUND('',#279,.T.);
#74=FACE_BOUND('',#281,.T.);
#75=FACE_BOUND('',#284,.T.);
#76=FACE_BOUND('',#297,.T.);
#77=FACE_BOUND('',#298,.T.);
#78=FACE_BOUND('',#299,.T.);
#79=FACE_BOUND('',#300,.T.);
#80=FACE_BOUND('',#301,.T.);
#81=FACE_BOUND('',#302,.T.);
#82=FACE_BOUND('',#303,.T.);
#83=FACE_BOUND('',#340,.T.);
#84=FACE_BOUND('',#341,.T.);
#85=FACE_BOUND('',#342,.T.);
#86=FACE_BOUND('',#343,.T.);
#87=FACE_BOUND('',#344,.T.);
#88=FACE_BOUND('',#345,.T.);
#89=FACE_BOUND('',#346,.T.);
#90=PLANE('',#1734);
#91=PLANE('',#1735);
#92=PLANE('',#1736);
#93=PLANE('',#1737);
#94=PLANE('',#1739);
#95=PLANE('',#1740);
#96=PLANE('',#1741);
#97=PLANE('',#1742);
#98=PLANE('',#1743);
#99=PLANE('',#1746);
#100=PLANE('',#1747);
#101=PLANE('',#1748);
#102=PLANE('',#1749);
#103=PLANE('',#1750);
#104=PLANE('',#1751);
#105=PLANE('',#1752);
#106=PLANE('',#1753);
#107=PLANE('',#1754);
#108=PLANE('',#1755);
#109=PLANE('',#1757);
#110=PLANE('',#1758);
#111=PLANE('',#1759);
#112=PLANE('',#1760);
#113=PLANE('',#1761);
#114=PLANE('',#1762);
#115=PLANE('',#1763);
#116=PLANE('',#1764);
#117=PLANE('',#1766);
#118=PLANE('',#1767);
#119=PLANE('',#1768);
#120=PLANE('',#1769);
#121=PLANE('',#1770);
#122=PLANE('',#1771);
#123=PLANE('',#1772);
#124=PLANE('',#1773);
#125=PLANE('',#1774);
#126=PLANE('',#1775);
#127=PLANE('',#1788);
#128=PLANE('',#1789);
#129=PLANE('',#1790);
#130=PLANE('',#1791);
#131=PLANE('',#1792);
#132=PLANE('',#1793);
#133=PLANE('',#1798);
#134=PLANE('',#1799);
#135=PLANE('',#1800);
#136=PLANE('',#1801);
#137=PLANE('',#1802);
#138=PLANE('',#1803);
#139=PLANE('',#1808);
#140=PLANE('',#1809);
#141=PLANE('',#1810);
#142=PLANE('',#1811);
#143=PLANE('',#1812);
#144=PLANE('',#1813);
#145=PLANE('',#1814);
#146=PLANE('',#1815);
#147=PLANE('',#1816);
#148=PLANE('',#1827);
#149=PLANE('',#1828);
#150=PLANE('',#1829);
#151=PLANE('',#1830);
#152=PLANE('',#1831);
#153=FACE_OUTER_BOUND('',#239,.T.);
#154=FACE_OUTER_BOUND('',#240,.T.);
#155=FACE_OUTER_BOUND('',#241,.T.);
#156=FACE_OUTER_BOUND('',#243,.T.);
#157=FACE_OUTER_BOUND('',#244,.T.);
#158=FACE_OUTER_BOUND('',#245,.T.);
#159=FACE_OUTER_BOUND('',#246,.T.);
#160=FACE_OUTER_BOUND('',#247,.T.);
#161=FACE_OUTER_BOUND('',#249,.T.);
#162=FACE_OUTER_BOUND('',#250,.T.);
#163=FACE_OUTER_BOUND('',#251,.T.);
#164=FACE_OUTER_BOUND('',#252,.T.);
#165=FACE_OUTER_BOUND('',#253,.T.);
#166=FACE_OUTER_BOUND('',#254,.T.);
#167=FACE_OUTER_BOUND('',#255,.T.);
#168=FACE_OUTER_BOUND('',#256,.T.);
#169=FACE_OUTER_BOUND('',#257,.T.);
#170=FACE_OUTER_BOUND('',#258,.T.);
#171=FACE_OUTER_BOUND('',#260,.T.);
#172=FACE_OUTER_BOUND('',#262,.T.);
#173=FACE_OUTER_BOUND('',#263,.T.);
#174=FACE_OUTER_BOUND('',#264,.T.);
#175=FACE_OUTER_BOUND('',#265,.T.);
#176=FACE_OUTER_BOUND('',#266,.T.);
#177=FACE_OUTER_BOUND('',#268,.T.);
#178=FACE_OUTER_BOUND('',#269,.T.);
#179=FACE_OUTER_BOUND('',#270,.T.);
#180=FACE_OUTER_BOUND('',#271,.T.);
#181=FACE_OUTER_BOUND('',#272,.T.);
#182=FACE_OUTER_BOUND('',#273,.T.);
#183=FACE_OUTER_BOUND('',#274,.T.);
#184=FACE_OUTER_BOUND('',#275,.T.);
#185=FACE_OUTER_BOUND('',#276,.T.);
#186=FACE_OUTER_BOUND('',#277,.T.);
#187=FACE_OUTER_BOUND('',#278,.T.);
#188=FACE_OUTER_BOUND('',#280,.T.);
#189=FACE_OUTER_BOUND('',#282,.T.);
#190=FACE_OUTER_BOUND('',#283,.T.);
#191=FACE_OUTER_BOUND('',#285,.T.);
#192=FACE_OUTER_BOUND('',#286,.T.);
#193=FACE_OUTER_BOUND('',#287,.T.);
#194=FACE_OUTER_BOUND('',#288,.T.);
#195=FACE_OUTER_BOUND('',#289,.T.);
#196=FACE_OUTER_BOUND('',#290,.T.);
#197=FACE_OUTER_BOUND('',#291,.T.);
#198=FACE_OUTER_BOUND('',#292,.T.);
#199=FACE_OUTER_BOUND('',#293,.T.);
#200=FACE_OUTER_BOUND('',#294,.T.);
#201=FACE_OUTER_BOUND('',#295,.T.);
#202=FACE_OUTER_BOUND('',#296,.T.);
#203=FACE_OUTER_BOUND('',#304,.T.);
#204=FACE_OUTER_BOUND('',#305,.T.);
#205=FACE_OUTER_BOUND('',#306,.T.);
#206=FACE_OUTER_BOUND('',#307,.T.);
#207=FACE_OUTER_BOUND('',#308,.T.);
#208=FACE_OUTER_BOUND('',#309,.T.);
#209=FACE_OUTER_BOUND('',#310,.T.);
#210=FACE_OUTER_BOUND('',#311,.T.);
#211=FACE_OUTER_BOUND('',#312,.T.);
#212=FACE_OUTER_BOUND('',#313,.T.);
#213=FACE_OUTER_BOUND('',#314,.T.);
#214=FACE_OUTER_BOUND('',#315,.T.);
#215=FACE_OUTER_BOUND('',#316,.T.);
#216=FACE_OUTER_BOUND('',#317,.T.);
#217=FACE_OUTER_BOUND('',#318,.T.);
#218=FACE_OUTER_BOUND('',#319,.T.);
#219=FACE_OUTER_BOUND('',#320,.T.);
#220=FACE_OUTER_BOUND('',#321,.T.);
#221=FACE_OUTER_BOUND('',#322,.T.);
#222=FACE_OUTER_BOUND('',#323,.T.);
#223=FACE_OUTER_BOUND('',#324,.T.);
#224=FACE_OUTER_BOUND('',#325,.T.);
#225=FACE_OUTER_BOUND('',#326,.T.);
#226=FACE_OUTER_BOUND('',#327,.T.);
#227=FACE_OUTER_BOUND('',#328,.T.);
#228=FACE_OUTER_BOUND('',#329,.T.);
#229=FACE_OUTER_BOUND('',#330,.T.);
#230=FACE_OUTER_BOUND('',#331,.T.);
#231=FACE_OUTER_BOUND('',#332,.T.);
#232=FACE_OUTER_BOUND('',#333,.T.);
#233=FACE_OUTER_BOUND('',#334,.T.);
#234=FACE_OUTER_BOUND('',#335,.T.);
#235=FACE_OUTER_BOUND('',#336,.T.);
#236=FACE_OUTER_BOUND('',#337,.T.);
#237=FACE_OUTER_BOUND('',#338,.T.);
#238=FACE_OUTER_BOUND('',#339,.T.);
#239=EDGE_LOOP('',(#1129,#1130,#1131,#1132,#1133,#1134));
#240=EDGE_LOOP('',(#1135,#1136,#1137,#1138));
#241=EDGE_LOOP('',(#1139,#1140,#1141,#1142));
#242=EDGE_LOOP('',(#1143,#1144,#1145,#1146));
#243=EDGE_LOOP('',(#1147,#1148,#1149,#1150,#1151,#1152));
#244=EDGE_LOOP('',(#1153,#1154,#1155,#1156));
#245=EDGE_LOOP('',(#1157,#1158,#1159,#1160));
#246=EDGE_LOOP('',(#1161,#1162,#1163,#1164));
#247=EDGE_LOOP('',(#1165,#1166,#1167,#1168,#1169,#1170,#1171,#1172));
#248=EDGE_LOOP('',(#1173));
#249=EDGE_LOOP('',(#1174,#1175,#1176,#1177,#1178,#1179));
#250=EDGE_LOOP('',(#1180,#1181,#1182,#1183));
#251=EDGE_LOOP('',(#1184,#1185,#1186,#1187));
#252=EDGE_LOOP('',(#1188,#1189,#1190,#1191));
#253=EDGE_LOOP('',(#1192,#1193,#1194,#1195,#1196,#1197,#1198,#1199));
#254=EDGE_LOOP('',(#1200,#1201,#1202,#1203));
#255=EDGE_LOOP('',(#1204,#1205,#1206,#1207));
#256=EDGE_LOOP('',(#1208,#1209,#1210,#1211));
#257=EDGE_LOOP('',(#1212,#1213,#1214,#1215));
#258=EDGE_LOOP('',(#1216,#1217,#1218,#1219));
#259=EDGE_LOOP('',(#1220));
#260=EDGE_LOOP('',(#1221,#1222,#1223,#1224));
#261=EDGE_LOOP('',(#1225,#1226,#1227,#1228));
#262=EDGE_LOOP('',(#1229,#1230,#1231,#1232));
#263=EDGE_LOOP('',(#1233,#1234,#1235,#1236));
#264=EDGE_LOOP('',(#1237,#1238,#1239,#1240,#1241,#1242));
#265=EDGE_LOOP('',(#1243,#1244,#1245,#1246));
#266=EDGE_LOOP('',(#1247,#1248,#1249,#1250));
#267=EDGE_LOOP('',(#1251,#1252,#1253,#1254));
#268=EDGE_LOOP('',(#1255,#1256,#1257,#1258,#1259));
#269=EDGE_LOOP('',(#1260,#1261,#1262,#1263));
#270=EDGE_LOOP('',(#1264,#1265,#1266,#1267,#1268));
#271=EDGE_LOOP('',(#1269,#1270,#1271,#1272));
#272=EDGE_LOOP('',(#1273,#1274,#1275,#1276));
#273=EDGE_LOOP('',(#1277,#1278,#1279,#1280));
#274=EDGE_LOOP('',(#1281,#1282,#1283,#1284));
#275=EDGE_LOOP('',(#1285,#1286,#1287,#1288));
#276=EDGE_LOOP('',(#1289,#1290,#1291,#1292));
#277=EDGE_LOOP('',(#1293,#1294,#1295,#1296));
#278=EDGE_LOOP('',(#1297,#1298,#1299,#1300));
#279=EDGE_LOOP('',(#1301,#1302,#1303,#1304));
#280=EDGE_LOOP('',(#1305,#1306,#1307,#1308));
#281=EDGE_LOOP('',(#1309,#1310,#1311,#1312));
#282=EDGE_LOOP('',(#1313,#1314,#1315,#1316));
#283=EDGE_LOOP('',(#1317,#1318,#1319,#1320));
#284=EDGE_LOOP('',(#1321,#1322,#1323,#1324));
#285=EDGE_LOOP('',(#1325,#1326,#1327,#1328));
#286=EDGE_LOOP('',(#1329,#1330,#1331,#1332));
#287=EDGE_LOOP('',(#1333,#1334,#1335,#1336));
#288=EDGE_LOOP('',(#1337,#1338,#1339,#1340));
#289=EDGE_LOOP('',(#1341,#1342,#1343,#1344));
#290=EDGE_LOOP('',(#1345,#1346,#1347,#1348));
#291=EDGE_LOOP('',(#1349,#1350,#1351,#1352));
#292=EDGE_LOOP('',(#1353,#1354,#1355,#1356));
#293=EDGE_LOOP('',(#1357,#1358,#1359,#1360));
#294=EDGE_LOOP('',(#1361,#1362,#1363,#1364));
#295=EDGE_LOOP('',(#1365,#1366,#1367,#1368));
#296=EDGE_LOOP('',(#1369,#1370,#1371,#1372));
#297=EDGE_LOOP('',(#1373,#1374,#1375,#1376));
#298=EDGE_LOOP('',(#1377,#1378,#1379,#1380));
#299=EDGE_LOOP('',(#1381,#1382,#1383,#1384,#1385,#1386,#1387,#1388,#1389,
#1390,#1391,#1392,#1393,#1394,#1395,#1396,#1397,#1398,#1399,#1400,#1401,
#1402,#1403,#1404,#1405,#1406,#1407,#1408));
#300=EDGE_LOOP('',(#1409));
#301=EDGE_LOOP('',(#1410));
#302=EDGE_LOOP('',(#1411));
#303=EDGE_LOOP('',(#1412));
#304=EDGE_LOOP('',(#1413,#1414,#1415,#1416));
#305=EDGE_LOOP('',(#1417,#1418,#1419,#1420));
#306=EDGE_LOOP('',(#1421,#1422,#1423,#1424));
#307=EDGE_LOOP('',(#1425,#1426,#1427,#1428));
#308=EDGE_LOOP('',(#1429,#1430,#1431,#1432));
#309=EDGE_LOOP('',(#1433,#1434,#1435,#1436));
#310=EDGE_LOOP('',(#1437,#1438,#1439,#1440));
#311=EDGE_LOOP('',(#1441,#1442,#1443,#1444));
#312=EDGE_LOOP('',(#1445,#1446,#1447,#1448));
#313=EDGE_LOOP('',(#1449,#1450,#1451,#1452));
#314=EDGE_LOOP('',(#1453,#1454,#1455,#1456));
#315=EDGE_LOOP('',(#1457,#1458,#1459,#1460));
#316=EDGE_LOOP('',(#1461,#1462,#1463,#1464));
#317=EDGE_LOOP('',(#1465,#1466,#1467,#1468));
#318=EDGE_LOOP('',(#1469,#1470,#1471,#1472));
#319=EDGE_LOOP('',(#1473,#1474,#1475,#1476));
#320=EDGE_LOOP('',(#1477,#1478,#1479,#1480));
#321=EDGE_LOOP('',(#1481,#1482,#1483,#1484));
#322=EDGE_LOOP('',(#1485,#1486,#1487,#1488));
#323=EDGE_LOOP('',(#1489,#1490,#1491,#1492));
#324=EDGE_LOOP('',(#1493,#1494,#1495,#1496));
#325=EDGE_LOOP('',(#1497,#1498,#1499,#1500));
#326=EDGE_LOOP('',(#1501,#1502,#1503,#1504));
#327=EDGE_LOOP('',(#1505,#1506,#1507,#1508));
#328=EDGE_LOOP('',(#1509,#1510,#1511,#1512));
#329=EDGE_LOOP('',(#1513,#1514,#1515,#1516));
#330=EDGE_LOOP('',(#1517,#1518,#1519,#1520));
#331=EDGE_LOOP('',(#1521,#1522,#1523,#1524));
#332=EDGE_LOOP('',(#1525,#1526,#1527,#1528));
#333=EDGE_LOOP('',(#1529,#1530,#1531,#1532));
#334=EDGE_LOOP('',(#1533,#1534,#1535,#1536));
#335=EDGE_LOOP('',(#1537,#1538,#1539,#1540));
#336=EDGE_LOOP('',(#1541,#1542,#1543,#1544));
#337=EDGE_LOOP('',(#1545,#1546,#1547,#1548));
#338=EDGE_LOOP('',(#1549,#1550,#1551,#1552));
#339=EDGE_LOOP('',(#1553,#1554,#1555,#1556));
#340=EDGE_LOOP('',(#1557,#1558,#1559,#1560));
#341=EDGE_LOOP('',(#1561,#1562,#1563,#1564,#1565,#1566,#1567,#1568,#1569,
#1570,#1571,#1572,#1573,#1574,#1575,#1576,#1577,#1578,#1579,#1580,#1581,
#1582,#1583,#1584,#1585,#1586,#1587,#1588));
#342=EDGE_LOOP('',(#1589,#1590,#1591,#1592));
#343=EDGE_LOOP('',(#1593));
#344=EDGE_LOOP('',(#1594));
#345=EDGE_LOOP('',(#1595));
#346=EDGE_LOOP('',(#1596));
#347=LINE('',#2251,#527);
#348=LINE('',#2292,#528);
#349=LINE('',#2299,#529);
#350=LINE('',#2300,#530);
#351=LINE('',#2303,#531);
#352=LINE('',#2305,#532);
#353=LINE('',#2307,#533);
#354=LINE('',#2308,#534);
#355=LINE('',#2370,#535);
#356=LINE('',#2372,#536);
#357=LINE('',#2373,#537);
#358=LINE('',#2376,#538);
#359=LINE('',#2377,#539);
#360=LINE('',#2380,#540);
#361=LINE('',#2382,#541);
#362=LINE('',#2384,#542);
#363=LINE('',#2386,#543);
#364=LINE('',#2388,#544);
#365=LINE('',#2390,#545);
#366=LINE('',#2391,#546);
#367=LINE('',#2396,#547);
#368=LINE('',#2397,#548);
#369=LINE('',#2400,#549);
#370=LINE('',#2402,#550);
#371=LINE('',#2403,#551);
#372=LINE('',#2406,#552);
#373=LINE('',#2407,#553);
#374=LINE('',#2409,#554);
#375=LINE('',#2412,#555);
#376=LINE('',#2414,#556);
#377=LINE('',#2415,#557);
#378=LINE('',#2418,#558);
#379=LINE('',#2423,#559);
#380=LINE('',#2425,#560);
#381=LINE('',#2427,#561);
#382=LINE('',#2428,#562);
#383=LINE('',#2431,#563);
#384=LINE('',#2433,#564);
#385=LINE('',#2434,#565);
#386=LINE('',#2437,#566);
#387=LINE('',#2439,#567);
#388=LINE('',#2440,#568);
#389=LINE('',#2442,#569);
#390=LINE('',#2443,#570);
#391=LINE('',#2446,#571);
#392=LINE('',#2447,#572);
#393=LINE('',#2449,#573);
#394=LINE('',#2452,#574);
#395=LINE('',#2454,#575);
#396=LINE('',#2465,#576);
#397=LINE('',#2467,#577);
#398=LINE('',#2469,#578);
#399=LINE('',#2470,#579);
#400=LINE('',#2478,#580);
#401=LINE('',#2479,#581);
#402=LINE('',#2487,#582);
#403=LINE('',#2489,#583);
#404=LINE('',#2490,#584);
#405=LINE('',#2492,#585);
#406=LINE('',#2493,#586);
#407=LINE('',#2631,#587);
#408=LINE('',#2633,#588);
#409=LINE('',#2635,#589);
#410=LINE('',#2636,#590);
#411=LINE('',#2640,#591);
#412=LINE('',#2642,#592);
#413=LINE('',#2644,#593);
#414=LINE('',#2645,#594);
#415=LINE('',#2738,#595);
#416=LINE('',#2740,#596);
#417=LINE('',#2742,#597);
#418=LINE('',#2743,#598);
#419=LINE('',#2746,#599);
#420=LINE('',#2748,#600);
#421=LINE('',#2749,#601);
#422=LINE('',#2752,#602);
#423=LINE('',#2754,#603);
#424=LINE('',#2755,#604);
#425=LINE('',#2757,#605);
#426=LINE('',#2758,#606);
#427=LINE('',#2762,#607);
#428=LINE('',#2764,#608);
#429=LINE('',#2766,#609);
#430=LINE('',#2767,#610);
#431=LINE('',#2770,#611);
#432=LINE('',#2772,#612);
#433=LINE('',#2773,#613);
#434=LINE('',#2776,#614);
#435=LINE('',#2778,#615);
#436=LINE('',#2779,#616);
#437=LINE('',#2782,#617);
#438=LINE('',#2784,#618);
#439=LINE('',#2785,#619);
#440=LINE('',#2789,#620);
#441=LINE('',#2790,#621);
#442=LINE('',#2791,#622);
#443=LINE('',#2795,#623);
#444=LINE('',#2797,#624);
#445=LINE('',#2799,#625);
#446=LINE('',#2800,#626);
#447=LINE('',#2803,#627);
#448=LINE('',#2805,#628);
#449=LINE('',#2807,#629);
#450=LINE('',#2808,#630);
#451=LINE('',#2812,#631);
#452=LINE('',#2814,#632);
#453=LINE('',#2816,#633);
#454=LINE('',#2820,#634);
#455=LINE('',#2822,#635);
#456=LINE('',#2824,#636);
#457=LINE('',#2828,#637);
#458=LINE('',#2830,#638);
#459=LINE('',#2832,#639);
#460=LINE('',#2834,#640);
#461=LINE('',#2836,#641);
#462=LINE('',#2840,#642);
#463=LINE('',#2842,#643);
#464=LINE('',#2844,#644);
#465=LINE('',#2848,#645);
#466=LINE('',#2850,#646);
#467=LINE('',#2852,#647);
#468=LINE('',#2865,#648);
#469=LINE('',#2868,#649);
#470=LINE('',#2870,#650);
#471=LINE('',#2871,#651);
#472=LINE('',#2874,#652);
#473=LINE('',#2876,#653);
#474=LINE('',#2877,#654);
#475=LINE('',#2880,#655);
#476=LINE('',#2882,#656);
#477=LINE('',#2883,#657);
#478=LINE('',#2886,#658);
#479=LINE('',#2887,#659);
#480=LINE('',#2889,#660);
#481=LINE('',#2891,#661);
#482=LINE('',#2894,#662);
#483=LINE('',#2899,#663);
#484=LINE('',#2902,#664);
#485=LINE('',#2904,#665);
#486=LINE('',#2905,#666);
#487=LINE('',#2908,#667);
#488=LINE('',#2910,#668);
#489=LINE('',#2911,#669);
#490=LINE('',#2914,#670);
#491=LINE('',#2915,#671);
#492=LINE('',#2918,#672);
#493=LINE('',#2919,#673);
#494=LINE('',#2921,#674);
#495=LINE('',#2923,#675);
#496=LINE('',#2926,#676);
#497=LINE('',#2931,#677);
#498=LINE('',#2934,#678);
#499=LINE('',#2935,#679);
#500=LINE('',#2938,#680);
#501=LINE('',#2940,#681);
#502=LINE('',#2941,#682);
#503=LINE('',#2943,#683);
#504=LINE('',#2946,#684);
#505=LINE('',#2947,#685);
#506=LINE('',#2949,#686);
#507=LINE('',#2952,#687);
#508=LINE('',#2954,#688);
#509=LINE('',#2955,#689);
#510=LINE('',#2958,#690);
#511=LINE('',#2959,#691);
#512=LINE('',#2962,#692);
#513=LINE('',#2963,#693);
#514=LINE('',#2965,#694);
#515=LINE('',#2970,#695);
#516=LINE('',#2974,#696);
#517=LINE('',#2978,#697);
#518=LINE('',#2982,#698);
#519=LINE('',#2986,#699);
#520=LINE('',#2988,#700);
#521=LINE('',#2989,#701);
#522=LINE('',#2992,#702);
#523=LINE('',#2993,#703);
#524=LINE('',#2996,#704);
#525=LINE('',#2997,#705);
#526=LINE('',#2999,#706);
#527=VECTOR('',#1839,10.);
#528=VECTOR('',#1840,10.);
#529=VECTOR('',#1843,10.);
#530=VECTOR('',#1844,10.);
#531=VECTOR('',#1845,10.);
#532=VECTOR('',#1846,10.);
#533=VECTOR('',#1847,10.);
#534=VECTOR('',#1848,10.);
#535=VECTOR('',#1851,10.);
#536=VECTOR('',#1852,10.);
#537=VECTOR('',#1853,10.);
#538=VECTOR('',#1856,10.);
#539=VECTOR('',#1857,10.);
#540=VECTOR('',#1860,10.);
#541=VECTOR('',#1861,10.);
#542=VECTOR('',#1862,10.);
#543=VECTOR('',#1863,10.);
#544=VECTOR('',#1864,10.);
#545=VECTOR('',#1865,10.);
#546=VECTOR('',#1866,10.);
#547=VECTOR('',#1871,10.);
#548=VECTOR('',#1872,10.);
#549=VECTOR('',#1875,10.);
#550=VECTOR('',#1876,10.);
#551=VECTOR('',#1877,10.);
#552=VECTOR('',#1880,10.);
#553=VECTOR('',#1881,10.);
#554=VECTOR('',#1884,10.);
#555=VECTOR('',#1887,10.);
#556=VECTOR('',#1888,10.);
#557=VECTOR('',#1889,10.);
#558=VECTOR('',#1892,6.);
#559=VECTOR('',#1897,10.);
#560=VECTOR('',#1898,10.);
#561=VECTOR('',#1899,10.);
#562=VECTOR('',#1900,10.);
#563=VECTOR('',#1903,10.);
#564=VECTOR('',#1904,10.);
#565=VECTOR('',#1905,10.);
#566=VECTOR('',#1908,10.);
#567=VECTOR('',#1909,10.);
#568=VECTOR('',#1910,10.);
#569=VECTOR('',#1913,10.);
#570=VECTOR('',#1914,10.);
#571=VECTOR('',#1917,10.);
#572=VECTOR('',#1918,10.);
#573=VECTOR('',#1921,10.);
#574=VECTOR('',#1926,10.);
#575=VECTOR('',#1929,10.);
#576=VECTOR('',#1936,10.);
#577=VECTOR('',#1937,10.);
#578=VECTOR('',#1938,10.);
#579=VECTOR('',#1939,10.);
#580=VECTOR('',#1942,10.);
#581=VECTOR('',#1943,10.);
#582=VECTOR('',#1946,10.);
#583=VECTOR('',#1947,10.);
#584=VECTOR('',#1948,10.);
#585=VECTOR('',#1951,10.);
#586=VECTOR('',#1952,10.);
#587=VECTOR('',#1959,10.);
#588=VECTOR('',#1960,10.);
#589=VECTOR('',#1961,10.);
#590=VECTOR('',#1962,10.);
#591=VECTOR('',#1965,10.);
#592=VECTOR('',#1966,10.);
#593=VECTOR('',#1967,10.);
#594=VECTOR('',#1968,10.);
#595=VECTOR('',#1973,10.);
#596=VECTOR('',#1974,10.);
#597=VECTOR('',#1975,10.);
#598=VECTOR('',#1976,10.);
#599=VECTOR('',#1979,10.);
#600=VECTOR('',#1980,10.);
#601=VECTOR('',#1981,10.);
#602=VECTOR('',#1984,10.);
#603=VECTOR('',#1985,10.);
#604=VECTOR('',#1986,10.);
#605=VECTOR('',#1989,10.);
#606=VECTOR('',#1990,10.);
#607=VECTOR('',#1993,10.);
#608=VECTOR('',#1994,10.);
#609=VECTOR('',#1995,10.);
#610=VECTOR('',#1996,10.);
#611=VECTOR('',#1999,10.);
#612=VECTOR('',#2000,10.);
#613=VECTOR('',#2001,10.);
#614=VECTOR('',#2004,10.);
#615=VECTOR('',#2005,10.);
#616=VECTOR('',#2006,10.);
#617=VECTOR('',#2009,10.);
#618=VECTOR('',#2010,10.);
#619=VECTOR('',#2011,10.);
#620=VECTOR('',#2014,10.);
#621=VECTOR('',#2015,10.);
#622=VECTOR('',#2016,10.);
#623=VECTOR('',#2019,10.);
#624=VECTOR('',#2020,10.);
#625=VECTOR('',#2021,10.);
#626=VECTOR('',#2022,10.);
#627=VECTOR('',#2023,10.);
#628=VECTOR('',#2024,10.);
#629=VECTOR('',#2025,10.);
#630=VECTOR('',#2026,10.);
#631=VECTOR('',#2029,10.);
#632=VECTOR('',#2030,10.);
#633=VECTOR('',#2031,10.);
#634=VECTOR('',#2034,10.);
#635=VECTOR('',#2035,10.);
#636=VECTOR('',#2036,10.);
#637=VECTOR('',#2039,10.);
#638=VECTOR('',#2040,10.);
#639=VECTOR('',#2041,10.);
#640=VECTOR('',#2042,10.);
#641=VECTOR('',#2043,10.);
#642=VECTOR('',#2046,10.);
#643=VECTOR('',#2047,10.);
#644=VECTOR('',#2048,10.);
#645=VECTOR('',#2051,10.);
#646=VECTOR('',#2052,10.);
#647=VECTOR('',#2053,10.);
#648=VECTOR('',#2068,10.);
#649=VECTOR('',#2071,10.);
#650=VECTOR('',#2072,10.);
#651=VECTOR('',#2073,10.);
#652=VECTOR('',#2076,10.);
#653=VECTOR('',#2077,10.);
#654=VECTOR('',#2078,10.);
#655=VECTOR('',#2081,10.);
#656=VECTOR('',#2082,10.);
#657=VECTOR('',#2083,10.);
#658=VECTOR('',#2086,10.);
#659=VECTOR('',#2087,10.);
#660=VECTOR('',#2090,10.);
#661=VECTOR('',#2093,10.);
#662=VECTOR('',#2096,10.);
#663=VECTOR('',#2103,10.);
#664=VECTOR('',#2106,10.);
#665=VECTOR('',#2107,10.);
#666=VECTOR('',#2108,10.);
#667=VECTOR('',#2111,10.);
#668=VECTOR('',#2112,10.);
#669=VECTOR('',#2113,10.);
#670=VECTOR('',#2116,10.);
#671=VECTOR('',#2117,10.);
#672=VECTOR('',#2120,10.);
#673=VECTOR('',#2121,10.);
#674=VECTOR('',#2124,10.);
#675=VECTOR('',#2127,10.);
#676=VECTOR('',#2130,10.);
#677=VECTOR('',#2137,10.);
#678=VECTOR('',#2140,10.);
#679=VECTOR('',#2141,10.);
#680=VECTOR('',#2144,10.);
#681=VECTOR('',#2145,10.);
#682=VECTOR('',#2146,10.);
#683=VECTOR('',#2149,10.);
#684=VECTOR('',#2152,10.);
#685=VECTOR('',#2153,10.);
#686=VECTOR('',#2156,10.);
#687=VECTOR('',#2159,10.);
#688=VECTOR('',#2160,10.);
#689=VECTOR('',#2161,10.);
#690=VECTOR('',#2164,10.);
#691=VECTOR('',#2165,10.);
#692=VECTOR('',#2168,10.);
#693=VECTOR('',#2169,10.);
#694=VECTOR('',#2172,10.);
#695=VECTOR('',#2179,2.10000000000001);
#696=VECTOR('',#2184,2.10000000000001);
#697=VECTOR('',#2189,2.1);
#698=VECTOR('',#2194,2.1);
#699=VECTOR('',#2199,10.);
#700=VECTOR('',#2200,10.);
#701=VECTOR('',#2201,10.);
#702=VECTOR('',#2204,10.);
#703=VECTOR('',#2205,10.);
#704=VECTOR('',#2208,10.);
#705=VECTOR('',#2209,10.);
#706=VECTOR('',#2212,10.);
#707=B_SPLINE_CURVE_WITH_KNOTS('',3,(#2241,#2242,#2243,#2244),
 .UNSPECIFIED.,.F.,.F.,(4,4),(0.,0.490054851189604),.UNSPECIFIED.);
#708=B_SPLINE_CURVE_WITH_KNOTS('',3,(#2246,#2247,#2248,#2249),
 .UNSPECIFIED.,.F.,.F.,(4,4),(0.923373348632242,1.),.UNSPECIFIED.);
#709=B_SPLINE_CURVE_WITH_KNOTS('',3,(#2253,#2254,#2255,#2256),
 .UNSPECIFIED.,.F.,.F.,(4,4),(0.923373348632255,1.),.UNSPECIFIED.);
#710=B_SPLINE_CURVE_WITH_KNOTS('',3,(#2258,#2259,#2260,#2261),
 .UNSPECIFIED.,.F.,.F.,(4,4),(0.150855939715817,0.640910861727797),
 .UNSPECIFIED.);
#711=B_SPLINE_CURVE_WITH_KNOTS('',3,(#2262,#2263,#2264,#2265,#2266,#2267),
 .UNSPECIFIED.,.F.,.F.,(4,2,4),(0.00988821445648824,4.90988821445649,9.80988821445649),
 .UNSPECIFIED.);
#712=B_SPLINE_CURVE_WITH_KNOTS('',3,(#2285,#2286,#2287,#2288,#2289,#2290),
 .UNSPECIFIED.,.F.,.F.,(4,2,4),(0.,4.87375627599517,9.74751255199034),
 .UNSPECIFIED.);
#713=B_SPLINE_CURVE_WITH_KNOTS('',3,(#2293,#2294,#2295,#2296),
 .UNSPECIFIED.,.F.,.F.,(4,4),(0.923373348632255,1.),.UNSPECIFIED.);
#714=B_SPLINE_CURVE_WITH_KNOTS('',3,(#2327,#2328,#2329,#2330),
 .UNSPECIFIED.,.F.,.F.,(4,4),(0.150855939715789,0.640910861727786),
 .UNSPECIFIED.);
#715=B_SPLINE_CURVE_WITH_KNOTS('',3,(#2332,#2333,#2334,#2335,#2336,#2337),
 .UNSPECIFIED.,.F.,.F.,(4,2,4),(0.00988821445649065,4.90988821445649,9.80988821445649),
 .UNSPECIFIED.);
#716=B_SPLINE_CURVE_WITH_KNOTS('',3,(#2338,#2339,#2340,#2341),
 .UNSPECIFIED.,.F.,.F.,(4,4),(0.,0.490054851189659),.UNSPECIFIED.);
#717=B_SPLINE_CURVE_WITH_KNOTS('',3,(#2342,#2343,#2344,#2345),
 .UNSPECIFIED.,.F.,.F.,(4,4),(0.923373348632242,1.),.UNSPECIFIED.);
#718=B_SPLINE_CURVE_WITH_KNOTS('',3,(#2362,#2363,#2364,#2365,#2366,#2367),
 .UNSPECIFIED.,.F.,.F.,(4,2,4),(0.,4.87375627599517,9.74751255199034),
 .UNSPECIFIED.);
#719=B_SPLINE_CURVE_WITH_KNOTS('',3,(#2460,#2461,#2462,#2463),
 .UNSPECIFIED.,.F.,.F.,(4,4),(-0.722266691827169,-0.0501605159957295),
 .UNSPECIFIED.);
#720=B_SPLINE_CURVE_WITH_KNOTS('',3,(#2473,#2474,#2475,#2476),
 .UNSPECIFIED.,.F.,.F.,(4,4),(-6.05,-0.0500000000000025),.UNSPECIFIED.);
#721=B_SPLINE_CURVE_WITH_KNOTS('',3,(#2482,#2483,#2484,#2485),
 .UNSPECIFIED.,.F.,.F.,(4,4),(-1.0675044086817,-0.395396169754689),
 .UNSPECIFIED.);
#722=B_SPLINE_CURVE_WITH_KNOTS('',3,(#2495,#2496,#2497,#2498),
 .UNSPECIFIED.,.F.,.F.,(4,4),(-6.05,-0.0499999999999909),.UNSPECIFIED.);
#723=B_SPLINE_CURVE_WITH_KNOTS('',3,(#2518,#2519,#2520,#2521),
 .UNSPECIFIED.,.F.,.F.,(4,4),(0.,1.),.UNSPECIFIED.);
#724=B_SPLINE_CURVE_WITH_KNOTS('',3,(#2523,#2524,#2525,#2526,#2527,#2528),
 .UNSPECIFIED.,.F.,.F.,(4,2,4),(0.,0.812117134016136,1.),.UNSPECIFIED.);
#725=B_SPLINE_CURVE_WITH_KNOTS('',3,(#2530,#2531,#2532,#2533),
 .UNSPECIFIED.,.F.,.F.,(4,4),(-1.,0.),.UNSPECIFIED.);
#726=B_SPLINE_CURVE_WITH_KNOTS('',3,(#2534,#2535,#2536,#2537,#2538,#2539),
 .UNSPECIFIED.,.F.,.F.,(4,2,4),(0.,0.812117134016136,1.),.UNSPECIFIED.);
#727=B_SPLINE_CURVE_WITH_KNOTS('',3,(#2557,#2558,#2559,#2560),
 .UNSPECIFIED.,.F.,.F.,(4,4),(0.,1.),.UNSPECIFIED.);
#728=B_SPLINE_CURVE_WITH_KNOTS('',3,(#2562,#2563,#2564,#2565),
 .UNSPECIFIED.,.F.,.F.,(4,4),(-1.,0.),.UNSPECIFIED.);
#729=B_SPLINE_CURVE_WITH_KNOTS('',3,(#2566,#2567,#2568,#2569,#2570,#2571),
 .UNSPECIFIED.,.F.,.F.,(4,2,4),(0.,0.812117134016136,1.),.UNSPECIFIED.);
#730=B_SPLINE_CURVE_WITH_KNOTS('',3,(#2589,#2590,#2591,#2592),
 .UNSPECIFIED.,.F.,.F.,(4,4),(0.,1.),.UNSPECIFIED.);
#731=B_SPLINE_CURVE_WITH_KNOTS('',3,(#2594,#2595,#2596,#2597),
 .UNSPECIFIED.,.F.,.F.,(4,4),(-1.,0.),.UNSPECIFIED.);
#732=B_SPLINE_CURVE_WITH_KNOTS('',3,(#2598,#2599,#2600,#2601,#2602,#2603),
 .UNSPECIFIED.,.F.,.F.,(4,2,4),(0.,0.812117134016136,1.),.UNSPECIFIED.);
#733=B_SPLINE_CURVE_WITH_KNOTS('',3,(#2620,#2621,#2622,#2623),
 .UNSPECIFIED.,.F.,.F.,(4,4),(0.,1.),.UNSPECIFIED.);
#734=B_SPLINE_CURVE_WITH_KNOTS('',3,(#2624,#2625,#2626,#2627),
 .UNSPECIFIED.,.F.,.F.,(4,4),(-1.,0.),.UNSPECIFIED.);
#735=B_SPLINE_CURVE_WITH_KNOTS('',3,(#2662,#2663,#2664,#2665,#2666,#2667),
 .UNSPECIFIED.,.F.,.F.,(4,2,4),(0.,0.813039626801146,1.),.UNSPECIFIED.);
#736=B_SPLINE_CURVE_WITH_KNOTS('',3,(#2668,#2669,#2670,#2671,#2672,#2673),
 .UNSPECIFIED.,.F.,.F.,(4,2,4),(0.,0.813039626801146,1.),.UNSPECIFIED.);
#737=B_SPLINE_CURVE_WITH_KNOTS('',3,(#2690,#2691,#2692,#2693,#2694,#2695),
 .UNSPECIFIED.,.F.,.F.,(4,2,4),(0.,0.813039626801146,1.),.UNSPECIFIED.);
#738=B_SPLINE_CURVE_WITH_KNOTS('',3,(#2712,#2713,#2714,#2715,#2716,#2717),
 .UNSPECIFIED.,.F.,.F.,(4,2,4),(0.,0.813039626801146,1.),.UNSPECIFIED.);
#739=VERTEX_POINT('',#2239);
#740=VERTEX_POINT('',#2240);
#741=VERTEX_POINT('',#2245);
#742=VERTEX_POINT('',#2250);
#743=VERTEX_POINT('',#2252);
#744=VERTEX_POINT('',#2257);
#745=VERTEX_POINT('',#2284);
#746=VERTEX_POINT('',#2291);
#747=VERTEX_POINT('',#2298);
#748=VERTEX_POINT('',#2301);
#749=VERTEX_POINT('',#2302);
#750=VERTEX_POINT('',#2304);
#751=VERTEX_POINT('',#2306);
#752=VERTEX_POINT('',#2325);
#753=VERTEX_POINT('',#2326);
#754=VERTEX_POINT('',#2331);
#755=VERTEX_POINT('',#2369);
#756=VERTEX_POINT('',#2371);
#757=VERTEX_POINT('',#2375);
#758=VERTEX_POINT('',#2379);
#759=VERTEX_POINT('',#2381);
#760=VERTEX_POINT('',#2383);
#761=VERTEX_POINT('',#2385);
#762=VERTEX_POINT('',#2387);
#763=VERTEX_POINT('',#2389);
#764=VERTEX_POINT('',#2392);
#765=VERTEX_POINT('',#2395);
#766=VERTEX_POINT('',#2399);
#767=VERTEX_POINT('',#2401);
#768=VERTEX_POINT('',#2405);
#769=VERTEX_POINT('',#2411);
#770=VERTEX_POINT('',#2413);
#771=VERTEX_POINT('',#2417);
#772=VERTEX_POINT('',#2421);
#773=VERTEX_POINT('',#2422);
#774=VERTEX_POINT('',#2424);
#775=VERTEX_POINT('',#2426);
#776=VERTEX_POINT('',#2430);
#777=VERTEX_POINT('',#2432);
#778=VERTEX_POINT('',#2436);
#779=VERTEX_POINT('',#2438);
#780=VERTEX_POINT('',#2445);
#781=VERTEX_POINT('',#2458);
#782=VERTEX_POINT('',#2459);
#783=VERTEX_POINT('',#2464);
#784=VERTEX_POINT('',#2466);
#785=VERTEX_POINT('',#2468);
#786=VERTEX_POINT('',#2472);
#787=VERTEX_POINT('',#2477);
#788=VERTEX_POINT('',#2481);
#789=VERTEX_POINT('',#2486);
#790=VERTEX_POINT('',#2488);
#791=VERTEX_POINT('',#2516);
#792=VERTEX_POINT('',#2517);
#793=VERTEX_POINT('',#2522);
#794=VERTEX_POINT('',#2529);
#795=VERTEX_POINT('',#2556);
#796=VERTEX_POINT('',#2561);
#797=VERTEX_POINT('',#2588);
#798=VERTEX_POINT('',#2593);
#799=VERTEX_POINT('',#2629);
#800=VERTEX_POINT('',#2630);
#801=VERTEX_POINT('',#2632);
#802=VERTEX_POINT('',#2634);
#803=VERTEX_POINT('',#2638);
#804=VERTEX_POINT('',#2639);
#805=VERTEX_POINT('',#2641);
#806=VERTEX_POINT('',#2643);
#807=VERTEX_POINT('',#2736);
#808=VERTEX_POINT('',#2737);
#809=VERTEX_POINT('',#2739);
#810=VERTEX_POINT('',#2741);
#811=VERTEX_POINT('',#2745);
#812=VERTEX_POINT('',#2747);
#813=VERTEX_POINT('',#2751);
#814=VERTEX_POINT('',#2753);
#815=VERTEX_POINT('',#2760);
#816=VERTEX_POINT('',#2761);
#817=VERTEX_POINT('',#2763);
#818=VERTEX_POINT('',#2765);
#819=VERTEX_POINT('',#2769);
#820=VERTEX_POINT('',#2771);
#821=VERTEX_POINT('',#2775);
#822=VERTEX_POINT('',#2777);
#823=VERTEX_POINT('',#2781);
#824=VERTEX_POINT('',#2783);
#825=VERTEX_POINT('',#2787);
#826=VERTEX_POINT('',#2788);
#827=VERTEX_POINT('',#2793);
#828=VERTEX_POINT('',#2794);
#829=VERTEX_POINT('',#2796);
#830=VERTEX_POINT('',#2798);
#831=VERTEX_POINT('',#2801);
#832=VERTEX_POINT('',#2802);
#833=VERTEX_POINT('',#2804);
#834=VERTEX_POINT('',#2806);
#835=VERTEX_POINT('',#2809);
#836=VERTEX_POINT('',#2811);
#837=VERTEX_POINT('',#2813);
#838=VERTEX_POINT('',#2815);
#839=VERTEX_POINT('',#2817);
#840=VERTEX_POINT('',#2819);
#841=VERTEX_POINT('',#2821);
#842=VERTEX_POINT('',#2823);
#843=VERTEX_POINT('',#2825);
#844=VERTEX_POINT('',#2827);
#845=VERTEX_POINT('',#2829);
#846=VERTEX_POINT('',#2831);
#847=VERTEX_POINT('',#2833);
#848=VERTEX_POINT('',#2835);
#849=VERTEX_POINT('',#2837);
#850=VERTEX_POINT('',#2839);
#851=VERTEX_POINT('',#2841);
#852=VERTEX_POINT('',#2843);
#853=VERTEX_POINT('',#2845);
#854=VERTEX_POINT('',#2847);
#855=VERTEX_POINT('',#2849);
#856=VERTEX_POINT('',#2851);
#857=VERTEX_POINT('',#2854);
#858=VERTEX_POINT('',#2856);
#859=VERTEX_POINT('',#2858);
#860=VERTEX_POINT('',#2860);
#861=VERTEX_POINT('',#2863);
#862=VERTEX_POINT('',#2867);
#863=VERTEX_POINT('',#2869);
#864=VERTEX_POINT('',#2873);
#865=VERTEX_POINT('',#2875);
#866=VERTEX_POINT('',#2879);
#867=VERTEX_POINT('',#2881);
#868=VERTEX_POINT('',#2885);
#869=VERTEX_POINT('',#2893);
#870=VERTEX_POINT('',#2897);
#871=VERTEX_POINT('',#2901);
#872=VERTEX_POINT('',#2903);
#873=VERTEX_POINT('',#2907);
#874=VERTEX_POINT('',#2909);
#875=VERTEX_POINT('',#2913);
#876=VERTEX_POINT('',#2917);
#877=VERTEX_POINT('',#2925);
#878=VERTEX_POINT('',#2929);
#879=VERTEX_POINT('',#2933);
#880=VERTEX_POINT('',#2937);
#881=VERTEX_POINT('',#2939);
#882=VERTEX_POINT('',#2945);
#883=VERTEX_POINT('',#2951);
#884=VERTEX_POINT('',#2953);
#885=VERTEX_POINT('',#2957);
#886=VERTEX_POINT('',#2961);
#887=VERTEX_POINT('',#2969);
#888=VERTEX_POINT('',#2973);
#889=VERTEX_POINT('',#2977);
#890=VERTEX_POINT('',#2981);
#891=VERTEX_POINT('',#2985);
#892=VERTEX_POINT('',#2987);
#893=VERTEX_POINT('',#2991);
#894=VERTEX_POINT('',#2995);
#895=EDGE_CURVE('',#739,#740,#707,.T.);
#896=EDGE_CURVE('',#739,#741,#708,.T.);
#897=EDGE_CURVE('',#741,#742,#347,.T.);
#898=EDGE_CURVE('',#743,#742,#709,.T.);
#899=EDGE_CURVE('',#744,#743,#710,.T.);
#900=EDGE_CURVE('',#740,#744,#711,.T.);
#901=EDGE_CURVE('',#743,#745,#712,.T.);
#902=EDGE_CURVE('',#742,#746,#348,.T.);
#903=EDGE_CURVE('',#745,#746,#713,.T.);
#904=EDGE_CURVE('',#747,#741,#349,.T.);
#905=EDGE_CURVE('',#746,#747,#350,.T.);
#906=EDGE_CURVE('',#748,#749,#351,.T.);
#907=EDGE_CURVE('',#750,#748,#352,.T.);
#908=EDGE_CURVE('',#751,#750,#353,.T.);
#909=EDGE_CURVE('',#749,#751,#354,.T.);
#910=EDGE_CURVE('',#752,#753,#714,.T.);
#911=EDGE_CURVE('',#754,#752,#715,.T.);
#912=EDGE_CURVE('',#745,#754,#716,.T.);
#913=EDGE_CURVE('',#753,#747,#717,.T.);
#914=EDGE_CURVE('',#753,#739,#718,.T.);
#915=EDGE_CURVE('',#750,#755,#355,.T.);
#916=EDGE_CURVE('',#755,#756,#356,.T.);
#917=EDGE_CURVE('',#751,#756,#357,.T.);
#918=EDGE_CURVE('',#748,#757,#358,.T.);
#919=EDGE_CURVE('',#757,#755,#359,.T.);
#920=EDGE_CURVE('',#744,#758,#360,.T.);
#921=EDGE_CURVE('',#758,#759,#361,.T.);
#922=EDGE_CURVE('',#759,#760,#362,.T.);
#923=EDGE_CURVE('',#761,#760,#363,.T.);
#924=EDGE_CURVE('',#761,#762,#364,.T.);
#925=EDGE_CURVE('',#763,#762,#365,.T.);
#926=EDGE_CURVE('',#740,#763,#366,.T.);
#927=EDGE_CURVE('',#764,#764,#46,.T.);
#928=EDGE_CURVE('',#754,#765,#367,.T.);
#929=EDGE_CURVE('',#765,#758,#368,.T.);
#930=EDGE_CURVE('',#761,#766,#369,.T.);
#931=EDGE_CURVE('',#760,#767,#370,.T.);
#932=EDGE_CURVE('',#767,#766,#371,.T.);
#933=EDGE_CURVE('',#759,#768,#372,.T.);
#934=EDGE_CURVE('',#768,#767,#373,.T.);
#935=EDGE_CURVE('',#768,#765,#374,.T.);
#936=EDGE_CURVE('',#752,#769,#375,.T.);
#937=EDGE_CURVE('',#770,#769,#376,.T.);
#938=EDGE_CURVE('',#766,#770,#377,.T.);
#939=EDGE_CURVE('',#764,#771,#378,.T.);
#940=EDGE_CURVE('',#771,#771,#47,.T.);
#941=EDGE_CURVE('',#772,#773,#379,.T.);
#942=EDGE_CURVE('',#772,#774,#380,.T.);
#943=EDGE_CURVE('',#775,#774,#381,.T.);
#944=EDGE_CURVE('',#773,#775,#382,.T.);
#945=EDGE_CURVE('',#776,#772,#383,.T.);
#946=EDGE_CURVE('',#776,#777,#384,.T.);
#947=EDGE_CURVE('',#774,#777,#385,.T.);
#948=EDGE_CURVE('',#778,#776,#386,.T.);
#949=EDGE_CURVE('',#778,#779,#387,.T.);
#950=EDGE_CURVE('',#777,#779,#388,.T.);
#951=EDGE_CURVE('',#773,#778,#389,.T.);
#952=EDGE_CURVE('',#779,#775,#390,.T.);
#953=EDGE_CURVE('',#780,#757,#391,.T.);
#954=EDGE_CURVE('',#756,#780,#392,.T.);
#955=EDGE_CURVE('',#749,#780,#393,.T.);
#956=EDGE_CURVE('',#769,#763,#394,.T.);
#957=EDGE_CURVE('',#762,#770,#395,.T.);
#958=EDGE_CURVE('',#781,#782,#719,.T.);
#959=EDGE_CURVE('',#783,#781,#396,.T.);
#960=EDGE_CURVE('',#783,#784,#397,.T.);
#961=EDGE_CURVE('',#784,#785,#398,.T.);
#962=EDGE_CURVE('',#782,#785,#399,.T.);
#963=EDGE_CURVE('',#786,#781,#720,.T.);
#964=EDGE_CURVE('',#787,#786,#400,.T.);
#965=EDGE_CURVE('',#787,#783,#401,.T.);
#966=EDGE_CURVE('',#788,#786,#721,.T.);
#967=EDGE_CURVE('',#789,#788,#402,.T.);
#968=EDGE_CURVE('',#790,#789,#403,.T.);
#969=EDGE_CURVE('',#790,#787,#404,.T.);
#970=EDGE_CURVE('',#784,#790,#405,.T.);
#971=EDGE_CURVE('',#785,#789,#406,.T.);
#972=EDGE_CURVE('',#782,#788,#722,.T.);
#973=EDGE_CURVE('',#791,#792,#723,.T.);
#974=EDGE_CURVE('',#791,#793,#724,.T.);
#975=EDGE_CURVE('',#794,#793,#725,.T.);
#976=EDGE_CURVE('',#792,#794,#726,.T.);
#977=EDGE_CURVE('',#792,#795,#727,.T.);
#978=EDGE_CURVE('',#796,#794,#728,.T.);
#979=EDGE_CURVE('',#795,#796,#729,.T.);
#980=EDGE_CURVE('',#795,#797,#730,.T.);
#981=EDGE_CURVE('',#798,#796,#731,.T.);
#982=EDGE_CURVE('',#797,#798,#732,.T.);
#983=EDGE_CURVE('',#797,#791,#733,.T.);
#984=EDGE_CURVE('',#793,#798,#734,.T.);
#985=EDGE_CURVE('',#799,#800,#407,.T.);
#986=EDGE_CURVE('',#800,#801,#408,.T.);
#987=EDGE_CURVE('',#801,#802,#409,.T.);
#988=EDGE_CURVE('',#802,#799,#410,.T.);
#989=EDGE_CURVE('',#803,#804,#411,.T.);
#990=EDGE_CURVE('',#805,#803,#412,.T.);
#991=EDGE_CURVE('',#806,#805,#413,.T.);
#992=EDGE_CURVE('',#804,#806,#414,.T.);
#993=EDGE_CURVE('',#804,#800,#735,.T.);
#994=EDGE_CURVE('',#803,#799,#736,.T.);
#995=EDGE_CURVE('',#806,#801,#737,.T.);
#996=EDGE_CURVE('',#805,#802,#738,.T.);
#997=EDGE_CURVE('',#807,#808,#415,.T.);
#998=EDGE_CURVE('',#807,#809,#416,.T.);
#999=EDGE_CURVE('',#810,#809,#417,.T.);
#1000=EDGE_CURVE('',#808,#810,#418,.T.);
#1001=EDGE_CURVE('',#811,#807,#419,.T.);
#1002=EDGE_CURVE('',#811,#812,#420,.T.);
#1003=EDGE_CURVE('',#809,#812,#421,.T.);
#1004=EDGE_CURVE('',#813,#811,#422,.T.);
#1005=EDGE_CURVE('',#813,#814,#423,.T.);
#1006=EDGE_CURVE('',#812,#814,#424,.T.);
#1007=EDGE_CURVE('',#808,#813,#425,.T.);
#1008=EDGE_CURVE('',#814,#810,#426,.T.);
#1009=EDGE_CURVE('',#815,#816,#427,.T.);
#1010=EDGE_CURVE('',#817,#815,#428,.T.);
#1011=EDGE_CURVE('',#817,#818,#429,.T.);
#1012=EDGE_CURVE('',#816,#818,#430,.T.);
#1013=EDGE_CURVE('',#819,#817,#431,.T.);
#1014=EDGE_CURVE('',#819,#820,#432,.T.);
#1015=EDGE_CURVE('',#818,#820,#433,.T.);
#1016=EDGE_CURVE('',#821,#819,#434,.T.);
#1017=EDGE_CURVE('',#821,#822,#435,.T.);
#1018=EDGE_CURVE('',#820,#822,#436,.T.);
#1019=EDGE_CURVE('',#823,#821,#437,.T.);
#1020=EDGE_CURVE('',#823,#824,#438,.T.);
#1021=EDGE_CURVE('',#822,#824,#439,.T.);
#1022=EDGE_CURVE('',#825,#826,#440,.T.);
#1023=EDGE_CURVE('',#824,#825,#441,.T.);
#1024=EDGE_CURVE('',#826,#823,#442,.T.);
#1025=EDGE_CURVE('',#827,#828,#443,.T.);
#1026=EDGE_CURVE('',#829,#827,#444,.T.);
#1027=EDGE_CURVE('',#830,#829,#445,.T.);
#1028=EDGE_CURVE('',#828,#830,#446,.T.);
#1029=EDGE_CURVE('',#831,#832,#447,.T.);
#1030=EDGE_CURVE('',#832,#833,#448,.T.);
#1031=EDGE_CURVE('',#833,#834,#449,.T.);
#1032=EDGE_CURVE('',#834,#831,#450,.T.);
#1033=EDGE_CURVE('',#815,#835,#48,.T.);
#1034=EDGE_CURVE('',#835,#836,#451,.T.);
#1035=EDGE_CURVE('',#836,#837,#452,.T.);
#1036=EDGE_CURVE('',#837,#838,#453,.T.);
#1037=EDGE_CURVE('',#838,#839,#49,.T.);
#1038=EDGE_CURVE('',#839,#840,#454,.T.);
#1039=EDGE_CURVE('',#840,#841,#455,.T.);
#1040=EDGE_CURVE('',#841,#842,#456,.T.);
#1041=EDGE_CURVE('',#842,#843,#50,.T.);
#1042=EDGE_CURVE('',#843,#844,#457,.T.);
#1043=EDGE_CURVE('',#844,#845,#458,.T.);
#1044=EDGE_CURVE('',#845,#846,#459,.T.);
#1045=EDGE_CURVE('',#846,#847,#460,.T.);
#1046=EDGE_CURVE('',#847,#848,#461,.T.);
#1047=EDGE_CURVE('',#848,#849,#51,.T.);
#1048=EDGE_CURVE('',#849,#850,#462,.T.);
#1049=EDGE_CURVE('',#850,#851,#463,.T.);
#1050=EDGE_CURVE('',#851,#852,#464,.T.);
#1051=EDGE_CURVE('',#852,#853,#52,.T.);
#1052=EDGE_CURVE('',#853,#854,#465,.T.);
#1053=EDGE_CURVE('',#854,#855,#466,.T.);
#1054=EDGE_CURVE('',#855,#856,#467,.T.);
#1055=EDGE_CURVE('',#856,#826,#53,.T.);
#1056=EDGE_CURVE('',#857,#857,#54,.T.);
#1057=EDGE_CURVE('',#858,#858,#55,.T.);
#1058=EDGE_CURVE('',#859,#859,#56,.T.);
#1059=EDGE_CURVE('',#860,#860,#57,.T.);
#1060=EDGE_CURVE('',#861,#816,#58,.T.);
#1061=EDGE_CURVE('',#861,#835,#468,.T.);
#1062=EDGE_CURVE('',#862,#853,#469,.T.);
#1063=EDGE_CURVE('',#863,#862,#470,.T.);
#1064=EDGE_CURVE('',#854,#863,#471,.T.);
#1065=EDGE_CURVE('',#838,#864,#472,.T.);
#1066=EDGE_CURVE('',#837,#865,#473,.T.);
#1067=EDGE_CURVE('',#864,#865,#474,.T.);
#1068=EDGE_CURVE('',#856,#866,#475,.T.);
#1069=EDGE_CURVE('',#855,#867,#476,.T.);
#1070=EDGE_CURVE('',#866,#867,#477,.T.);
#1071=EDGE_CURVE('',#836,#868,#478,.T.);
#1072=EDGE_CURVE('',#865,#868,#479,.T.);
#1073=EDGE_CURVE('',#868,#861,#480,.T.);
#1074=EDGE_CURVE('',#867,#863,#481,.T.);
#1075=EDGE_CURVE('',#852,#869,#482,.T.);
#1076=EDGE_CURVE('',#862,#869,#59,.T.);
#1077=EDGE_CURVE('',#870,#864,#60,.T.);
#1078=EDGE_CURVE('',#870,#839,#483,.T.);
#1079=EDGE_CURVE('',#871,#849,#484,.T.);
#1080=EDGE_CURVE('',#872,#871,#485,.T.);
#1081=EDGE_CURVE('',#850,#872,#486,.T.);
#1082=EDGE_CURVE('',#842,#873,#487,.T.);
#1083=EDGE_CURVE('',#841,#874,#488,.T.);
#1084=EDGE_CURVE('',#873,#874,#489,.T.);
#1085=EDGE_CURVE('',#851,#875,#490,.T.);
#1086=EDGE_CURVE('',#869,#875,#491,.T.);
#1087=EDGE_CURVE('',#840,#876,#492,.T.);
#1088=EDGE_CURVE('',#874,#876,#493,.T.);
#1089=EDGE_CURVE('',#876,#870,#494,.T.);
#1090=EDGE_CURVE('',#875,#872,#495,.T.);
#1091=EDGE_CURVE('',#848,#877,#496,.T.);
#1092=EDGE_CURVE('',#871,#877,#61,.T.);
#1093=EDGE_CURVE('',#878,#873,#62,.T.);
#1094=EDGE_CURVE('',#878,#843,#497,.T.);
#1095=EDGE_CURVE('',#847,#879,#498,.T.);
#1096=EDGE_CURVE('',#877,#879,#499,.T.);
#1097=EDGE_CURVE('',#844,#880,#500,.T.);
#1098=EDGE_CURVE('',#881,#880,#501,.T.);
#1099=EDGE_CURVE('',#845,#881,#502,.T.);
#1100=EDGE_CURVE('',#880,#878,#503,.T.);
#1101=EDGE_CURVE('',#846,#882,#504,.T.);
#1102=EDGE_CURVE('',#879,#882,#505,.T.);
#1103=EDGE_CURVE('',#882,#881,#506,.T.);
#1104=EDGE_CURVE('',#831,#883,#507,.T.);
#1105=EDGE_CURVE('',#884,#883,#508,.T.);
#1106=EDGE_CURVE('',#832,#884,#509,.T.);
#1107=EDGE_CURVE('',#834,#885,#510,.T.);
#1108=EDGE_CURVE('',#883,#885,#511,.T.);
#1109=EDGE_CURVE('',#833,#886,#512,.T.);
#1110=EDGE_CURVE('',#885,#886,#513,.T.);
#1111=EDGE_CURVE('',#886,#884,#514,.T.);
#1112=EDGE_CURVE('',#825,#866,#63,.T.);
#1113=EDGE_CURVE('',#857,#887,#515,.T.);
#1114=EDGE_CURVE('',#887,#887,#64,.T.);
#1115=EDGE_CURVE('',#858,#888,#516,.T.);
#1116=EDGE_CURVE('',#888,#888,#65,.T.);
#1117=EDGE_CURVE('',#859,#889,#517,.T.);
#1118=EDGE_CURVE('',#889,#889,#66,.T.);
#1119=EDGE_CURVE('',#860,#890,#518,.T.);
#1120=EDGE_CURVE('',#890,#890,#67,.T.);
#1121=EDGE_CURVE('',#827,#891,#519,.T.);
#1122=EDGE_CURVE('',#892,#891,#520,.T.);
#1123=EDGE_CURVE('',#829,#892,#521,.T.);
#1124=EDGE_CURVE('',#893,#892,#522,.T.);
#1125=EDGE_CURVE('',#830,#893,#523,.T.);
#1126=EDGE_CURVE('',#894,#893,#524,.T.);
#1127=EDGE_CURVE('',#828,#894,#525,.T.);
#1128=EDGE_CURVE('',#891,#894,#526,.T.);
#1129=ORIENTED_EDGE('',*,*,#895,.F.);
#1130=ORIENTED_EDGE('',*,*,#896,.T.);
#1131=ORIENTED_EDGE('',*,*,#897,.T.);
#1132=ORIENTED_EDGE('',*,*,#898,.F.);
#1133=ORIENTED_EDGE('',*,*,#899,.F.);
#1134=ORIENTED_EDGE('',*,*,#900,.F.);
#1135=ORIENTED_EDGE('',*,*,#901,.F.);
#1136=ORIENTED_EDGE('',*,*,#898,.T.);
#1137=ORIENTED_EDGE('',*,*,#902,.T.);
#1138=ORIENTED_EDGE('',*,*,#903,.F.);
#1139=ORIENTED_EDGE('',*,*,#897,.F.);
#1140=ORIENTED_EDGE('',*,*,#904,.F.);
#1141=ORIENTED_EDGE('',*,*,#905,.F.);
#1142=ORIENTED_EDGE('',*,*,#902,.F.);
#1143=ORIENTED_EDGE('',*,*,#906,.F.);
#1144=ORIENTED_EDGE('',*,*,#907,.F.);
#1145=ORIENTED_EDGE('',*,*,#908,.F.);
#1146=ORIENTED_EDGE('',*,*,#909,.F.);
#1147=ORIENTED_EDGE('',*,*,#910,.F.);
#1148=ORIENTED_EDGE('',*,*,#911,.F.);
#1149=ORIENTED_EDGE('',*,*,#912,.F.);
#1150=ORIENTED_EDGE('',*,*,#903,.T.);
#1151=ORIENTED_EDGE('',*,*,#905,.T.);
#1152=ORIENTED_EDGE('',*,*,#913,.F.);
#1153=ORIENTED_EDGE('',*,*,#914,.F.);
#1154=ORIENTED_EDGE('',*,*,#913,.T.);
#1155=ORIENTED_EDGE('',*,*,#904,.T.);
#1156=ORIENTED_EDGE('',*,*,#896,.F.);
#1157=ORIENTED_EDGE('',*,*,#908,.T.);
#1158=ORIENTED_EDGE('',*,*,#915,.T.);
#1159=ORIENTED_EDGE('',*,*,#916,.T.);
#1160=ORIENTED_EDGE('',*,*,#917,.F.);
#1161=ORIENTED_EDGE('',*,*,#907,.T.);
#1162=ORIENTED_EDGE('',*,*,#918,.T.);
#1163=ORIENTED_EDGE('',*,*,#919,.T.);
#1164=ORIENTED_EDGE('',*,*,#915,.F.);
#1165=ORIENTED_EDGE('',*,*,#900,.T.);
#1166=ORIENTED_EDGE('',*,*,#920,.T.);
#1167=ORIENTED_EDGE('',*,*,#921,.T.);
#1168=ORIENTED_EDGE('',*,*,#922,.T.);
#1169=ORIENTED_EDGE('',*,*,#923,.F.);
#1170=ORIENTED_EDGE('',*,*,#924,.T.);
#1171=ORIENTED_EDGE('',*,*,#925,.F.);
#1172=ORIENTED_EDGE('',*,*,#926,.F.);
#1173=ORIENTED_EDGE('',*,*,#927,.T.);
#1174=ORIENTED_EDGE('',*,*,#899,.T.);
#1175=ORIENTED_EDGE('',*,*,#901,.T.);
#1176=ORIENTED_EDGE('',*,*,#912,.T.);
#1177=ORIENTED_EDGE('',*,*,#928,.T.);
#1178=ORIENTED_EDGE('',*,*,#929,.T.);
#1179=ORIENTED_EDGE('',*,*,#920,.F.);
#1180=ORIENTED_EDGE('',*,*,#930,.F.);
#1181=ORIENTED_EDGE('',*,*,#923,.T.);
#1182=ORIENTED_EDGE('',*,*,#931,.T.);
#1183=ORIENTED_EDGE('',*,*,#932,.T.);
#1184=ORIENTED_EDGE('',*,*,#933,.T.);
#1185=ORIENTED_EDGE('',*,*,#934,.T.);
#1186=ORIENTED_EDGE('',*,*,#931,.F.);
#1187=ORIENTED_EDGE('',*,*,#922,.F.);
#1188=ORIENTED_EDGE('',*,*,#929,.F.);
#1189=ORIENTED_EDGE('',*,*,#935,.F.);
#1190=ORIENTED_EDGE('',*,*,#933,.F.);
#1191=ORIENTED_EDGE('',*,*,#921,.F.);
#1192=ORIENTED_EDGE('',*,*,#911,.T.);
#1193=ORIENTED_EDGE('',*,*,#936,.T.);
#1194=ORIENTED_EDGE('',*,*,#937,.F.);
#1195=ORIENTED_EDGE('',*,*,#938,.F.);
#1196=ORIENTED_EDGE('',*,*,#932,.F.);
#1197=ORIENTED_EDGE('',*,*,#934,.F.);
#1198=ORIENTED_EDGE('',*,*,#935,.T.);
#1199=ORIENTED_EDGE('',*,*,#928,.F.);
#1200=ORIENTED_EDGE('',*,*,#927,.F.);
#1201=ORIENTED_EDGE('',*,*,#939,.T.);
#1202=ORIENTED_EDGE('',*,*,#940,.F.);
#1203=ORIENTED_EDGE('',*,*,#939,.F.);
#1204=ORIENTED_EDGE('',*,*,#941,.F.);
#1205=ORIENTED_EDGE('',*,*,#942,.T.);
#1206=ORIENTED_EDGE('',*,*,#943,.F.);
#1207=ORIENTED_EDGE('',*,*,#944,.F.);
#1208=ORIENTED_EDGE('',*,*,#945,.F.);
#1209=ORIENTED_EDGE('',*,*,#946,.T.);
#1210=ORIENTED_EDGE('',*,*,#947,.F.);
#1211=ORIENTED_EDGE('',*,*,#942,.F.);
#1212=ORIENTED_EDGE('',*,*,#948,.F.);
#1213=ORIENTED_EDGE('',*,*,#949,.T.);
#1214=ORIENTED_EDGE('',*,*,#950,.F.);
#1215=ORIENTED_EDGE('',*,*,#946,.F.);
#1216=ORIENTED_EDGE('',*,*,#951,.F.);
#1217=ORIENTED_EDGE('',*,*,#944,.T.);
#1218=ORIENTED_EDGE('',*,*,#952,.F.);
#1219=ORIENTED_EDGE('',*,*,#949,.F.);
#1220=ORIENTED_EDGE('',*,*,#940,.T.);
#1221=ORIENTED_EDGE('',*,*,#951,.T.);
#1222=ORIENTED_EDGE('',*,*,#948,.T.);
#1223=ORIENTED_EDGE('',*,*,#945,.T.);
#1224=ORIENTED_EDGE('',*,*,#941,.T.);
#1225=ORIENTED_EDGE('',*,*,#953,.F.);
#1226=ORIENTED_EDGE('',*,*,#954,.F.);
#1227=ORIENTED_EDGE('',*,*,#916,.F.);
#1228=ORIENTED_EDGE('',*,*,#919,.F.);
#1229=ORIENTED_EDGE('',*,*,#906,.T.);
#1230=ORIENTED_EDGE('',*,*,#955,.T.);
#1231=ORIENTED_EDGE('',*,*,#953,.T.);
#1232=ORIENTED_EDGE('',*,*,#918,.F.);
#1233=ORIENTED_EDGE('',*,*,#909,.T.);
#1234=ORIENTED_EDGE('',*,*,#917,.T.);
#1235=ORIENTED_EDGE('',*,*,#954,.T.);
#1236=ORIENTED_EDGE('',*,*,#955,.F.);
#1237=ORIENTED_EDGE('',*,*,#895,.T.);
#1238=ORIENTED_EDGE('',*,*,#926,.T.);
#1239=ORIENTED_EDGE('',*,*,#956,.F.);
#1240=ORIENTED_EDGE('',*,*,#936,.F.);
#1241=ORIENTED_EDGE('',*,*,#910,.T.);
#1242=ORIENTED_EDGE('',*,*,#914,.T.);
#1243=ORIENTED_EDGE('',*,*,#930,.T.);
#1244=ORIENTED_EDGE('',*,*,#938,.T.);
#1245=ORIENTED_EDGE('',*,*,#957,.F.);
#1246=ORIENTED_EDGE('',*,*,#924,.F.);
#1247=ORIENTED_EDGE('',*,*,#925,.T.);
#1248=ORIENTED_EDGE('',*,*,#957,.T.);
#1249=ORIENTED_EDGE('',*,*,#937,.T.);
#1250=ORIENTED_EDGE('',*,*,#956,.T.);
#1251=ORIENTED_EDGE('',*,*,#943,.T.);
#1252=ORIENTED_EDGE('',*,*,#947,.T.);
#1253=ORIENTED_EDGE('',*,*,#950,.T.);
#1254=ORIENTED_EDGE('',*,*,#952,.T.);
#1255=ORIENTED_EDGE('',*,*,#958,.F.);
#1256=ORIENTED_EDGE('',*,*,#959,.F.);
#1257=ORIENTED_EDGE('',*,*,#960,.T.);
#1258=ORIENTED_EDGE('',*,*,#961,.T.);
#1259=ORIENTED_EDGE('',*,*,#962,.F.);
#1260=ORIENTED_EDGE('',*,*,#963,.F.);
#1261=ORIENTED_EDGE('',*,*,#964,.F.);
#1262=ORIENTED_EDGE('',*,*,#965,.T.);
#1263=ORIENTED_EDGE('',*,*,#959,.T.);
#1264=ORIENTED_EDGE('',*,*,#966,.F.);
#1265=ORIENTED_EDGE('',*,*,#967,.F.);
#1266=ORIENTED_EDGE('',*,*,#968,.F.);
#1267=ORIENTED_EDGE('',*,*,#969,.T.);
#1268=ORIENTED_EDGE('',*,*,#964,.T.);
#1269=ORIENTED_EDGE('',*,*,#970,.T.);
#1270=ORIENTED_EDGE('',*,*,#968,.T.);
#1271=ORIENTED_EDGE('',*,*,#971,.F.);
#1272=ORIENTED_EDGE('',*,*,#961,.F.);
#1273=ORIENTED_EDGE('',*,*,#972,.F.);
#1274=ORIENTED_EDGE('',*,*,#962,.T.);
#1275=ORIENTED_EDGE('',*,*,#971,.T.);
#1276=ORIENTED_EDGE('',*,*,#967,.T.);
#1277=ORIENTED_EDGE('',*,*,#960,.F.);
#1278=ORIENTED_EDGE('',*,*,#965,.F.);
#1279=ORIENTED_EDGE('',*,*,#969,.F.);
#1280=ORIENTED_EDGE('',*,*,#970,.F.);
#1281=ORIENTED_EDGE('',*,*,#973,.F.);
#1282=ORIENTED_EDGE('',*,*,#974,.T.);
#1283=ORIENTED_EDGE('',*,*,#975,.F.);
#1284=ORIENTED_EDGE('',*,*,#976,.F.);
#1285=ORIENTED_EDGE('',*,*,#977,.F.);
#1286=ORIENTED_EDGE('',*,*,#976,.T.);
#1287=ORIENTED_EDGE('',*,*,#978,.F.);
#1288=ORIENTED_EDGE('',*,*,#979,.F.);
#1289=ORIENTED_EDGE('',*,*,#980,.F.);
#1290=ORIENTED_EDGE('',*,*,#979,.T.);
#1291=ORIENTED_EDGE('',*,*,#981,.F.);
#1292=ORIENTED_EDGE('',*,*,#982,.F.);
#1293=ORIENTED_EDGE('',*,*,#983,.F.);
#1294=ORIENTED_EDGE('',*,*,#982,.T.);
#1295=ORIENTED_EDGE('',*,*,#984,.F.);
#1296=ORIENTED_EDGE('',*,*,#974,.F.);
#1297=ORIENTED_EDGE('',*,*,#985,.T.);
#1298=ORIENTED_EDGE('',*,*,#986,.T.);
#1299=ORIENTED_EDGE('',*,*,#987,.T.);
#1300=ORIENTED_EDGE('',*,*,#988,.T.);
#1301=ORIENTED_EDGE('',*,*,#975,.T.);
#1302=ORIENTED_EDGE('',*,*,#984,.T.);
#1303=ORIENTED_EDGE('',*,*,#981,.T.);
#1304=ORIENTED_EDGE('',*,*,#978,.T.);
#1305=ORIENTED_EDGE('',*,*,#989,.F.);
#1306=ORIENTED_EDGE('',*,*,#990,.F.);
#1307=ORIENTED_EDGE('',*,*,#991,.F.);
#1308=ORIENTED_EDGE('',*,*,#992,.F.);
#1309=ORIENTED_EDGE('',*,*,#973,.T.);
#1310=ORIENTED_EDGE('',*,*,#977,.T.);
#1311=ORIENTED_EDGE('',*,*,#980,.T.);
#1312=ORIENTED_EDGE('',*,*,#983,.T.);
#1313=ORIENTED_EDGE('',*,*,#989,.T.);
#1314=ORIENTED_EDGE('',*,*,#993,.T.);
#1315=ORIENTED_EDGE('',*,*,#985,.F.);
#1316=ORIENTED_EDGE('',*,*,#994,.F.);
#1317=ORIENTED_EDGE('',*,*,#992,.T.);
#1318=ORIENTED_EDGE('',*,*,#995,.T.);
#1319=ORIENTED_EDGE('',*,*,#986,.F.);
#1320=ORIENTED_EDGE('',*,*,#993,.F.);
#1321=ORIENTED_EDGE('',*,*,#963,.T.);
#1322=ORIENTED_EDGE('',*,*,#958,.T.);
#1323=ORIENTED_EDGE('',*,*,#972,.T.);
#1324=ORIENTED_EDGE('',*,*,#966,.T.);
#1325=ORIENTED_EDGE('',*,*,#991,.T.);
#1326=ORIENTED_EDGE('',*,*,#996,.T.);
#1327=ORIENTED_EDGE('',*,*,#987,.F.);
#1328=ORIENTED_EDGE('',*,*,#995,.F.);
#1329=ORIENTED_EDGE('',*,*,#990,.T.);
#1330=ORIENTED_EDGE('',*,*,#994,.T.);
#1331=ORIENTED_EDGE('',*,*,#988,.F.);
#1332=ORIENTED_EDGE('',*,*,#996,.F.);
#1333=ORIENTED_EDGE('',*,*,#997,.F.);
#1334=ORIENTED_EDGE('',*,*,#998,.T.);
#1335=ORIENTED_EDGE('',*,*,#999,.F.);
#1336=ORIENTED_EDGE('',*,*,#1000,.F.);
#1337=ORIENTED_EDGE('',*,*,#1001,.F.);
#1338=ORIENTED_EDGE('',*,*,#1002,.T.);
#1339=ORIENTED_EDGE('',*,*,#1003,.F.);
#1340=ORIENTED_EDGE('',*,*,#998,.F.);
#1341=ORIENTED_EDGE('',*,*,#1004,.F.);
#1342=ORIENTED_EDGE('',*,*,#1005,.T.);
#1343=ORIENTED_EDGE('',*,*,#1006,.F.);
#1344=ORIENTED_EDGE('',*,*,#1002,.F.);
#1345=ORIENTED_EDGE('',*,*,#1007,.F.);
#1346=ORIENTED_EDGE('',*,*,#1000,.T.);
#1347=ORIENTED_EDGE('',*,*,#1008,.F.);
#1348=ORIENTED_EDGE('',*,*,#1005,.F.);
#1349=ORIENTED_EDGE('',*,*,#1009,.F.);
#1350=ORIENTED_EDGE('',*,*,#1010,.F.);
#1351=ORIENTED_EDGE('',*,*,#1011,.T.);
#1352=ORIENTED_EDGE('',*,*,#1012,.F.);
#1353=ORIENTED_EDGE('',*,*,#1013,.F.);
#1354=ORIENTED_EDGE('',*,*,#1014,.T.);
#1355=ORIENTED_EDGE('',*,*,#1015,.F.);
#1356=ORIENTED_EDGE('',*,*,#1011,.F.);
#1357=ORIENTED_EDGE('',*,*,#1016,.F.);
#1358=ORIENTED_EDGE('',*,*,#1017,.T.);
#1359=ORIENTED_EDGE('',*,*,#1018,.F.);
#1360=ORIENTED_EDGE('',*,*,#1014,.F.);
#1361=ORIENTED_EDGE('',*,*,#1019,.F.);
#1362=ORIENTED_EDGE('',*,*,#1020,.T.);
#1363=ORIENTED_EDGE('',*,*,#1021,.F.);
#1364=ORIENTED_EDGE('',*,*,#1017,.F.);
#1365=ORIENTED_EDGE('',*,*,#1022,.F.);
#1366=ORIENTED_EDGE('',*,*,#1023,.F.);
#1367=ORIENTED_EDGE('',*,*,#1020,.F.);
#1368=ORIENTED_EDGE('',*,*,#1024,.F.);
#1369=ORIENTED_EDGE('',*,*,#1025,.F.);
#1370=ORIENTED_EDGE('',*,*,#1026,.F.);
#1371=ORIENTED_EDGE('',*,*,#1027,.F.);
#1372=ORIENTED_EDGE('',*,*,#1028,.F.);
#1373=ORIENTED_EDGE('',*,*,#997,.T.);
#1374=ORIENTED_EDGE('',*,*,#1007,.T.);
#1375=ORIENTED_EDGE('',*,*,#1004,.T.);
#1376=ORIENTED_EDGE('',*,*,#1001,.T.);
#1377=ORIENTED_EDGE('',*,*,#1029,.T.);
#1378=ORIENTED_EDGE('',*,*,#1030,.T.);
#1379=ORIENTED_EDGE('',*,*,#1031,.T.);
#1380=ORIENTED_EDGE('',*,*,#1032,.T.);
#1381=ORIENTED_EDGE('',*,*,#1024,.T.);
#1382=ORIENTED_EDGE('',*,*,#1019,.T.);
#1383=ORIENTED_EDGE('',*,*,#1016,.T.);
#1384=ORIENTED_EDGE('',*,*,#1013,.T.);
#1385=ORIENTED_EDGE('',*,*,#1010,.T.);
#1386=ORIENTED_EDGE('',*,*,#1033,.T.);
#1387=ORIENTED_EDGE('',*,*,#1034,.T.);
#1388=ORIENTED_EDGE('',*,*,#1035,.T.);
#1389=ORIENTED_EDGE('',*,*,#1036,.T.);
#1390=ORIENTED_EDGE('',*,*,#1037,.T.);
#1391=ORIENTED_EDGE('',*,*,#1038,.T.);
#1392=ORIENTED_EDGE('',*,*,#1039,.T.);
#1393=ORIENTED_EDGE('',*,*,#1040,.T.);
#1394=ORIENTED_EDGE('',*,*,#1041,.T.);
#1395=ORIENTED_EDGE('',*,*,#1042,.T.);
#1396=ORIENTED_EDGE('',*,*,#1043,.T.);
#1397=ORIENTED_EDGE('',*,*,#1044,.T.);
#1398=ORIENTED_EDGE('',*,*,#1045,.T.);
#1399=ORIENTED_EDGE('',*,*,#1046,.T.);
#1400=ORIENTED_EDGE('',*,*,#1047,.T.);
#1401=ORIENTED_EDGE('',*,*,#1048,.T.);
#1402=ORIENTED_EDGE('',*,*,#1049,.T.);
#1403=ORIENTED_EDGE('',*,*,#1050,.T.);
#1404=ORIENTED_EDGE('',*,*,#1051,.T.);
#1405=ORIENTED_EDGE('',*,*,#1052,.T.);
#1406=ORIENTED_EDGE('',*,*,#1053,.T.);
#1407=ORIENTED_EDGE('',*,*,#1054,.T.);
#1408=ORIENTED_EDGE('',*,*,#1055,.T.);
#1409=ORIENTED_EDGE('',*,*,#1056,.T.);
#1410=ORIENTED_EDGE('',*,*,#1057,.T.);
#1411=ORIENTED_EDGE('',*,*,#1058,.T.);
#1412=ORIENTED_EDGE('',*,*,#1059,.T.);
#1413=ORIENTED_EDGE('',*,*,#1009,.T.);
#1414=ORIENTED_EDGE('',*,*,#1060,.F.);
#1415=ORIENTED_EDGE('',*,*,#1061,.T.);
#1416=ORIENTED_EDGE('',*,*,#1033,.F.);
#1417=ORIENTED_EDGE('',*,*,#1062,.F.);
#1418=ORIENTED_EDGE('',*,*,#1063,.F.);
#1419=ORIENTED_EDGE('',*,*,#1064,.F.);
#1420=ORIENTED_EDGE('',*,*,#1052,.F.);
#1421=ORIENTED_EDGE('',*,*,#1065,.F.);
#1422=ORIENTED_EDGE('',*,*,#1036,.F.);
#1423=ORIENTED_EDGE('',*,*,#1066,.T.);
#1424=ORIENTED_EDGE('',*,*,#1067,.F.);
#1425=ORIENTED_EDGE('',*,*,#1068,.F.);
#1426=ORIENTED_EDGE('',*,*,#1054,.F.);
#1427=ORIENTED_EDGE('',*,*,#1069,.T.);
#1428=ORIENTED_EDGE('',*,*,#1070,.F.);
#1429=ORIENTED_EDGE('',*,*,#1035,.F.);
#1430=ORIENTED_EDGE('',*,*,#1071,.T.);
#1431=ORIENTED_EDGE('',*,*,#1072,.F.);
#1432=ORIENTED_EDGE('',*,*,#1066,.F.);
#1433=ORIENTED_EDGE('',*,*,#1061,.F.);
#1434=ORIENTED_EDGE('',*,*,#1073,.F.);
#1435=ORIENTED_EDGE('',*,*,#1071,.F.);
#1436=ORIENTED_EDGE('',*,*,#1034,.F.);
#1437=ORIENTED_EDGE('',*,*,#1053,.F.);
#1438=ORIENTED_EDGE('',*,*,#1064,.T.);
#1439=ORIENTED_EDGE('',*,*,#1074,.F.);
#1440=ORIENTED_EDGE('',*,*,#1069,.F.);
#1441=ORIENTED_EDGE('',*,*,#1062,.T.);
#1442=ORIENTED_EDGE('',*,*,#1051,.F.);
#1443=ORIENTED_EDGE('',*,*,#1075,.T.);
#1444=ORIENTED_EDGE('',*,*,#1076,.F.);
#1445=ORIENTED_EDGE('',*,*,#1065,.T.);
#1446=ORIENTED_EDGE('',*,*,#1077,.F.);
#1447=ORIENTED_EDGE('',*,*,#1078,.T.);
#1448=ORIENTED_EDGE('',*,*,#1037,.F.);
#1449=ORIENTED_EDGE('',*,*,#1079,.F.);
#1450=ORIENTED_EDGE('',*,*,#1080,.F.);
#1451=ORIENTED_EDGE('',*,*,#1081,.F.);
#1452=ORIENTED_EDGE('',*,*,#1048,.F.);
#1453=ORIENTED_EDGE('',*,*,#1082,.F.);
#1454=ORIENTED_EDGE('',*,*,#1040,.F.);
#1455=ORIENTED_EDGE('',*,*,#1083,.T.);
#1456=ORIENTED_EDGE('',*,*,#1084,.F.);
#1457=ORIENTED_EDGE('',*,*,#1075,.F.);
#1458=ORIENTED_EDGE('',*,*,#1050,.F.);
#1459=ORIENTED_EDGE('',*,*,#1085,.T.);
#1460=ORIENTED_EDGE('',*,*,#1086,.F.);
#1461=ORIENTED_EDGE('',*,*,#1039,.F.);
#1462=ORIENTED_EDGE('',*,*,#1087,.T.);
#1463=ORIENTED_EDGE('',*,*,#1088,.F.);
#1464=ORIENTED_EDGE('',*,*,#1083,.F.);
#1465=ORIENTED_EDGE('',*,*,#1078,.F.);
#1466=ORIENTED_EDGE('',*,*,#1089,.F.);
#1467=ORIENTED_EDGE('',*,*,#1087,.F.);
#1468=ORIENTED_EDGE('',*,*,#1038,.F.);
#1469=ORIENTED_EDGE('',*,*,#1049,.F.);
#1470=ORIENTED_EDGE('',*,*,#1081,.T.);
#1471=ORIENTED_EDGE('',*,*,#1090,.F.);
#1472=ORIENTED_EDGE('',*,*,#1085,.F.);
#1473=ORIENTED_EDGE('',*,*,#1079,.T.);
#1474=ORIENTED_EDGE('',*,*,#1047,.F.);
#1475=ORIENTED_EDGE('',*,*,#1091,.T.);
#1476=ORIENTED_EDGE('',*,*,#1092,.F.);
#1477=ORIENTED_EDGE('',*,*,#1082,.T.);
#1478=ORIENTED_EDGE('',*,*,#1093,.F.);
#1479=ORIENTED_EDGE('',*,*,#1094,.T.);
#1480=ORIENTED_EDGE('',*,*,#1041,.F.);
#1481=ORIENTED_EDGE('',*,*,#1091,.F.);
#1482=ORIENTED_EDGE('',*,*,#1046,.F.);
#1483=ORIENTED_EDGE('',*,*,#1095,.T.);
#1484=ORIENTED_EDGE('',*,*,#1096,.F.);
#1485=ORIENTED_EDGE('',*,*,#1043,.F.);
#1486=ORIENTED_EDGE('',*,*,#1097,.T.);
#1487=ORIENTED_EDGE('',*,*,#1098,.F.);
#1488=ORIENTED_EDGE('',*,*,#1099,.F.);
#1489=ORIENTED_EDGE('',*,*,#1094,.F.);
#1490=ORIENTED_EDGE('',*,*,#1100,.F.);
#1491=ORIENTED_EDGE('',*,*,#1097,.F.);
#1492=ORIENTED_EDGE('',*,*,#1042,.F.);
#1493=ORIENTED_EDGE('',*,*,#1045,.F.);
#1494=ORIENTED_EDGE('',*,*,#1101,.T.);
#1495=ORIENTED_EDGE('',*,*,#1102,.F.);
#1496=ORIENTED_EDGE('',*,*,#1095,.F.);
#1497=ORIENTED_EDGE('',*,*,#1044,.F.);
#1498=ORIENTED_EDGE('',*,*,#1099,.T.);
#1499=ORIENTED_EDGE('',*,*,#1103,.F.);
#1500=ORIENTED_EDGE('',*,*,#1101,.F.);
#1501=ORIENTED_EDGE('',*,*,#1029,.F.);
#1502=ORIENTED_EDGE('',*,*,#1104,.T.);
#1503=ORIENTED_EDGE('',*,*,#1105,.F.);
#1504=ORIENTED_EDGE('',*,*,#1106,.F.);
#1505=ORIENTED_EDGE('',*,*,#1032,.F.);
#1506=ORIENTED_EDGE('',*,*,#1107,.T.);
#1507=ORIENTED_EDGE('',*,*,#1108,.F.);
#1508=ORIENTED_EDGE('',*,*,#1104,.F.);
#1509=ORIENTED_EDGE('',*,*,#1031,.F.);
#1510=ORIENTED_EDGE('',*,*,#1109,.T.);
#1511=ORIENTED_EDGE('',*,*,#1110,.F.);
#1512=ORIENTED_EDGE('',*,*,#1107,.F.);
#1513=ORIENTED_EDGE('',*,*,#1030,.F.);
#1514=ORIENTED_EDGE('',*,*,#1106,.T.);
#1515=ORIENTED_EDGE('',*,*,#1111,.F.);
#1516=ORIENTED_EDGE('',*,*,#1109,.F.);
#1517=ORIENTED_EDGE('',*,*,#1022,.T.);
#1518=ORIENTED_EDGE('',*,*,#1055,.F.);
#1519=ORIENTED_EDGE('',*,*,#1068,.T.);
#1520=ORIENTED_EDGE('',*,*,#1112,.F.);
#1521=ORIENTED_EDGE('',*,*,#1056,.F.);
#1522=ORIENTED_EDGE('',*,*,#1113,.T.);
#1523=ORIENTED_EDGE('',*,*,#1114,.F.);
#1524=ORIENTED_EDGE('',*,*,#1113,.F.);
#1525=ORIENTED_EDGE('',*,*,#1057,.F.);
#1526=ORIENTED_EDGE('',*,*,#1115,.T.);
#1527=ORIENTED_EDGE('',*,*,#1116,.F.);
#1528=ORIENTED_EDGE('',*,*,#1115,.F.);
#1529=ORIENTED_EDGE('',*,*,#1058,.F.);
#1530=ORIENTED_EDGE('',*,*,#1117,.T.);
#1531=ORIENTED_EDGE('',*,*,#1118,.F.);
#1532=ORIENTED_EDGE('',*,*,#1117,.F.);
#1533=ORIENTED_EDGE('',*,*,#1059,.F.);
#1534=ORIENTED_EDGE('',*,*,#1119,.T.);
#1535=ORIENTED_EDGE('',*,*,#1120,.F.);
#1536=ORIENTED_EDGE('',*,*,#1119,.F.);
#1537=ORIENTED_EDGE('',*,*,#1026,.T.);
#1538=ORIENTED_EDGE('',*,*,#1121,.T.);
#1539=ORIENTED_EDGE('',*,*,#1122,.F.);
#1540=ORIENTED_EDGE('',*,*,#1123,.F.);
#1541=ORIENTED_EDGE('',*,*,#1027,.T.);
#1542=ORIENTED_EDGE('',*,*,#1123,.T.);
#1543=ORIENTED_EDGE('',*,*,#1124,.F.);
#1544=ORIENTED_EDGE('',*,*,#1125,.F.);
#1545=ORIENTED_EDGE('',*,*,#1028,.T.);
#1546=ORIENTED_EDGE('',*,*,#1125,.T.);
#1547=ORIENTED_EDGE('',*,*,#1126,.F.);
#1548=ORIENTED_EDGE('',*,*,#1127,.F.);
#1549=ORIENTED_EDGE('',*,*,#1025,.T.);
#1550=ORIENTED_EDGE('',*,*,#1127,.T.);
#1551=ORIENTED_EDGE('',*,*,#1128,.F.);
#1552=ORIENTED_EDGE('',*,*,#1121,.F.);
#1553=ORIENTED_EDGE('',*,*,#1128,.T.);
#1554=ORIENTED_EDGE('',*,*,#1126,.T.);
#1555=ORIENTED_EDGE('',*,*,#1124,.T.);
#1556=ORIENTED_EDGE('',*,*,#1122,.T.);
#1557=ORIENTED_EDGE('',*,*,#999,.T.);
#1558=ORIENTED_EDGE('',*,*,#1003,.T.);
#1559=ORIENTED_EDGE('',*,*,#1006,.T.);
#1560=ORIENTED_EDGE('',*,*,#1008,.T.);
#1561=ORIENTED_EDGE('',*,*,#1023,.T.);
#1562=ORIENTED_EDGE('',*,*,#1112,.T.);
#1563=ORIENTED_EDGE('',*,*,#1070,.T.);
#1564=ORIENTED_EDGE('',*,*,#1074,.T.);
#1565=ORIENTED_EDGE('',*,*,#1063,.T.);
#1566=ORIENTED_EDGE('',*,*,#1076,.T.);
#1567=ORIENTED_EDGE('',*,*,#1086,.T.);
#1568=ORIENTED_EDGE('',*,*,#1090,.T.);
#1569=ORIENTED_EDGE('',*,*,#1080,.T.);
#1570=ORIENTED_EDGE('',*,*,#1092,.T.);
#1571=ORIENTED_EDGE('',*,*,#1096,.T.);
#1572=ORIENTED_EDGE('',*,*,#1102,.T.);
#1573=ORIENTED_EDGE('',*,*,#1103,.T.);
#1574=ORIENTED_EDGE('',*,*,#1098,.T.);
#1575=ORIENTED_EDGE('',*,*,#1100,.T.);
#1576=ORIENTED_EDGE('',*,*,#1093,.T.);
#1577=ORIENTED_EDGE('',*,*,#1084,.T.);
#1578=ORIENTED_EDGE('',*,*,#1088,.T.);
#1579=ORIENTED_EDGE('',*,*,#1089,.T.);
#1580=ORIENTED_EDGE('',*,*,#1077,.T.);
#1581=ORIENTED_EDGE('',*,*,#1067,.T.);
#1582=ORIENTED_EDGE('',*,*,#1072,.T.);
#1583=ORIENTED_EDGE('',*,*,#1073,.T.);
#1584=ORIENTED_EDGE('',*,*,#1060,.T.);
#1585=ORIENTED_EDGE('',*,*,#1012,.T.);
#1586=ORIENTED_EDGE('',*,*,#1015,.T.);
#1587=ORIENTED_EDGE('',*,*,#1018,.T.);
#1588=ORIENTED_EDGE('',*,*,#1021,.T.);
#1589=ORIENTED_EDGE('',*,*,#1105,.T.);
#1590=ORIENTED_EDGE('',*,*,#1108,.T.);
#1591=ORIENTED_EDGE('',*,*,#1110,.T.);
#1592=ORIENTED_EDGE('',*,*,#1111,.T.);
#1593=ORIENTED_EDGE('',*,*,#1114,.T.);
#1594=ORIENTED_EDGE('',*,*,#1116,.T.);
#1595=ORIENTED_EDGE('',*,*,#1118,.T.);
#1596=ORIENTED_EDGE('',*,*,#1120,.T.);
#1597=B_SPLINE_SURFACE_WITH_KNOTS('',3,3,((#2223,#2224,#2225,#2226),(#2227,
#2228,#2229,#2230),(#2231,#2232,#2233,#2234),(#2235,#2236,#2237,#2238)),
 .UNSPECIFIED.,.F.,.F.,.F.,(4,4),(4,4),(0.,1.),(0.831139694361713,1.),
 .UNSPECIFIED.);
#1598=B_SPLINE_SURFACE_WITH_KNOTS('',3,3,((#2268,#2269,#2270,#2271),(#2272,
#2273,#2274,#2275),(#2276,#2277,#2278,#2279),(#2280,#2281,#2282,#2283)),
 .UNSPECIFIED.,.F.,.F.,.F.,(4,4),(4,4),(0.,1.),(0.923373348632255,1.),
 .UNSPECIFIED.);
#1599=B_SPLINE_SURFACE_WITH_KNOTS('',3,3,((#2309,#2310,#2311,#2312),(#2313,
#2314,#2315,#2316),(#2317,#2318,#2319,#2320),(#2321,#2322,#2323,#2324)),
 .UNSPECIFIED.,.F.,.F.,.F.,(4,4),(4,4),(0.,1.),(0.831139694361705,1.),
 .UNSPECIFIED.);
#1600=B_SPLINE_SURFACE_WITH_KNOTS('',3,3,((#2346,#2347,#2348,#2349),(#2350,
#2351,#2352,#2353),(#2354,#2355,#2356,#2357),(#2358,#2359,#2360,#2361)),
 .UNSPECIFIED.,.F.,.F.,.F.,(4,4),(4,4),(0.,1.),(0.923373348632242,1.),
 .UNSPECIFIED.);
#1601=B_SPLINE_SURFACE_WITH_KNOTS('',3,3,((#2500,#2501,#2502,#2503),(#2504,
#2505,#2506,#2507),(#2508,#2509,#2510,#2511),(#2512,#2513,#2514,#2515)),
 .UNSPECIFIED.,.F.,.F.,.F.,(4,4),(4,4),(0.,1.),(0.,1.),.UNSPECIFIED.);
#1602=B_SPLINE_SURFACE_WITH_KNOTS('',3,3,((#2540,#2541,#2542,#2543),(#2544,
#2545,#2546,#2547),(#2548,#2549,#2550,#2551),(#2552,#2553,#2554,#2555)),
 .UNSPECIFIED.,.F.,.F.,.F.,(4,4),(4,4),(0.,1.),(0.,1.),.UNSPECIFIED.);
#1603=B_SPLINE_SURFACE_WITH_KNOTS('',3,3,((#2572,#2573,#2574,#2575),(#2576,
#2577,#2578,#2579),(#2580,#2581,#2582,#2583),(#2584,#2585,#2586,#2587)),
 .UNSPECIFIED.,.F.,.F.,.F.,(4,4),(4,4),(0.,1.),(0.,1.),.UNSPECIFIED.);
#1604=B_SPLINE_SURFACE_WITH_KNOTS('',3,3,((#2604,#2605,#2606,#2607),(#2608,
#2609,#2610,#2611),(#2612,#2613,#2614,#2615),(#2616,#2617,#2618,#2619)),
 .UNSPECIFIED.,.F.,.F.,.F.,(4,4),(4,4),(0.,1.),(0.,1.),.UNSPECIFIED.);
#1605=B_SPLINE_SURFACE_WITH_KNOTS('',3,3,((#2646,#2647,#2648,#2649),(#2650,
#2651,#2652,#2653),(#2654,#2655,#2656,#2657),(#2658,#2659,#2660,#2661)),
 .UNSPECIFIED.,.F.,.F.,.F.,(4,4),(4,4),(0.,1.),(0.,1.),.UNSPECIFIED.);
#1606=B_SPLINE_SURFACE_WITH_KNOTS('',3,3,((#2674,#2675,#2676,#2677),(#2678,
#2679,#2680,#2681),(#2682,#2683,#2684,#2685),(#2686,#2687,#2688,#2689)),
 .UNSPECIFIED.,.F.,.F.,.F.,(4,4),(4,4),(0.,1.),(0.,1.),.UNSPECIFIED.);
#1607=B_SPLINE_SURFACE_WITH_KNOTS('',3,3,((#2696,#2697,#2698,#2699),(#2700,
#2701,#2702,#2703),(#2704,#2705,#2706,#2707),(#2708,#2709,#2710,#2711)),
 .UNSPECIFIED.,.F.,.F.,.F.,(4,4),(4,4),(0.,1.),(0.,1.),.UNSPECIFIED.);
#1608=B_SPLINE_SURFACE_WITH_KNOTS('',3,3,((#2718,#2719,#2720,#2721),(#2722,
#2723,#2724,#2725),(#2726,#2727,#2728,#2729),(#2730,#2731,#2732,#2733)),
 .UNSPECIFIED.,.F.,.F.,.F.,(4,4),(4,4),(0.,1.),(0.,1.),.UNSPECIFIED.);
#1609=ADVANCED_FACE('',(#153),#1597,.F.);
#1610=ADVANCED_FACE('',(#154),#1598,.F.);
#1611=ADVANCED_FACE('',(#155,#68),#90,.F.);
#1612=ADVANCED_FACE('',(#156),#1599,.F.);
#1613=ADVANCED_FACE('',(#157),#1600,.F.);
#1614=ADVANCED_FACE('',(#158),#91,.F.);
#1615=ADVANCED_FACE('',(#159),#92,.F.);
#1616=ADVANCED_FACE('',(#160,#69),#93,.T.);
#1617=ADVANCED_FACE('',(#161),#94,.T.);
#1618=ADVANCED_FACE('',(#162),#95,.T.);
#1619=ADVANCED_FACE('',(#163),#96,.T.);
#1620=ADVANCED_FACE('',(#164),#97,.F.);
#1621=ADVANCED_FACE('',(#165),#98,.T.);
#1622=ADVANCED_FACE('',(#166),#35,.F.);
#1623=ADVANCED_FACE('',(#167),#99,.F.);
#1624=ADVANCED_FACE('',(#168),#100,.F.);
#1625=ADVANCED_FACE('',(#169),#101,.F.);
#1626=ADVANCED_FACE('',(#170,#70),#102,.F.);
#1627=ADVANCED_FACE('',(#171,#71),#103,.T.);
#1628=ADVANCED_FACE('',(#172),#104,.F.);
#1629=ADVANCED_FACE('',(#173),#105,.F.);
#1630=ADVANCED_FACE('',(#174),#106,.T.);
#1631=ADVANCED_FACE('',(#175),#107,.T.);
#1632=ADVANCED_FACE('',(#176,#72),#108,.T.);
#1633=ADVANCED_FACE('',(#177),#109,.T.);
#1634=ADVANCED_FACE('',(#178),#110,.T.);
#1635=ADVANCED_FACE('',(#179),#111,.T.);
#1636=ADVANCED_FACE('',(#180),#112,.T.);
#1637=ADVANCED_FACE('',(#181),#113,.T.);
#1638=ADVANCED_FACE('',(#182),#114,.F.);
#1639=ADVANCED_FACE('',(#183),#1601,.F.);
#1640=ADVANCED_FACE('',(#184),#1602,.F.);
#1641=ADVANCED_FACE('',(#185),#1603,.F.);
#1642=ADVANCED_FACE('',(#186),#1604,.F.);
#1643=ADVANCED_FACE('',(#187,#73),#115,.T.);
#1644=ADVANCED_FACE('',(#188,#74),#116,.F.);
#1645=ADVANCED_FACE('',(#189),#1605,.T.);
#1646=ADVANCED_FACE('',(#190,#75),#1606,.T.);
#1647=ADVANCED_FACE('',(#191),#1607,.T.);
#1648=ADVANCED_FACE('',(#192),#1608,.T.);
#1649=ADVANCED_FACE('',(#193),#117,.F.);
#1650=ADVANCED_FACE('',(#194),#118,.F.);
#1651=ADVANCED_FACE('',(#195),#119,.F.);
#1652=ADVANCED_FACE('',(#196),#120,.F.);
#1653=ADVANCED_FACE('',(#197),#121,.F.);
#1654=ADVANCED_FACE('',(#198),#122,.F.);
#1655=ADVANCED_FACE('',(#199),#123,.F.);
#1656=ADVANCED_FACE('',(#200),#124,.F.);
#1657=ADVANCED_FACE('',(#201),#125,.F.);
#1658=ADVANCED_FACE('',(#202,#76,#77,#78,#79,#80,#81,#82),#126,.F.);
#1659=ADVANCED_FACE('',(#203),#36,.F.);
#1660=ADVANCED_FACE('',(#204),#127,.F.);
#1661=ADVANCED_FACE('',(#205),#128,.F.);
#1662=ADVANCED_FACE('',(#206),#129,.F.);
#1663=ADVANCED_FACE('',(#207),#130,.F.);
#1664=ADVANCED_FACE('',(#208),#131,.F.);
#1665=ADVANCED_FACE('',(#209),#132,.F.);
#1666=ADVANCED_FACE('',(#210),#37,.F.);
#1667=ADVANCED_FACE('',(#211),#38,.F.);
#1668=ADVANCED_FACE('',(#212),#133,.F.);
#1669=ADVANCED_FACE('',(#213),#134,.F.);
#1670=ADVANCED_FACE('',(#214),#135,.F.);
#1671=ADVANCED_FACE('',(#215),#136,.F.);
#1672=ADVANCED_FACE('',(#216),#137,.F.);
#1673=ADVANCED_FACE('',(#217),#138,.F.);
#1674=ADVANCED_FACE('',(#218),#39,.F.);
#1675=ADVANCED_FACE('',(#219),#40,.F.);
#1676=ADVANCED_FACE('',(#220),#139,.F.);
#1677=ADVANCED_FACE('',(#221),#140,.F.);
#1678=ADVANCED_FACE('',(#222),#141,.F.);
#1679=ADVANCED_FACE('',(#223),#142,.F.);
#1680=ADVANCED_FACE('',(#224),#143,.F.);
#1681=ADVANCED_FACE('',(#225),#144,.F.);
#1682=ADVANCED_FACE('',(#226),#145,.F.);
#1683=ADVANCED_FACE('',(#227),#146,.F.);
#1684=ADVANCED_FACE('',(#228),#147,.F.);
#1685=ADVANCED_FACE('',(#229),#41,.F.);
#1686=ADVANCED_FACE('',(#230),#42,.F.);
#1687=ADVANCED_FACE('',(#231),#43,.F.);
#1688=ADVANCED_FACE('',(#232),#44,.F.);
#1689=ADVANCED_FACE('',(#233),#45,.F.);
#1690=ADVANCED_FACE('',(#234),#148,.T.);
#1691=ADVANCED_FACE('',(#235),#149,.T.);
#1692=ADVANCED_FACE('',(#236),#150,.T.);
#1693=ADVANCED_FACE('',(#237),#151,.T.);
#1694=ADVANCED_FACE('',(#238,#83,#84,#85,#86,#87,#88,#89),#152,.T.);
#1695=CLOSED_SHELL('',(#1609,#1610,#1611,#1612,#1613,#1614,#1615,#1616,
#1617,#1618,#1619,#1620,#1621,#1622,#1623,#1624,#1625,#1626,#1627,#1628,
#1629,#1630,#1631,#1632));
#1696=CLOSED_SHELL('',(#1633,#1634,#1635,#1636,#1637,#1638,#1639,#1640,
#1641,#1642,#1643,#1644,#1645,#1646,#1647,#1648));
#1697=CLOSED_SHELL('',(#1649,#1650,#1651,#1652,#1653,#1654,#1655,#1656,
#1657,#1658,#1659,#1660,#1661,#1662,#1663,#1664,#1665,#1666,#1667,#1668,
#1669,#1670,#1671,#1672,#1673,#1674,#1675,#1676,#1677,#1678,#1679,#1680,
#1681,#1682,#1683,#1684,#1685,#1686,#1687,#1688,#1689,#1690,#1691,#1692,
#1693,#1694));
#1698=DERIVED_UNIT_ELEMENT(#1704,1.);
#1699=DERIVED_UNIT_ELEMENT(#3015,-3.);
#1700=DERIVED_UNIT_ELEMENT(#1704,1.);
#1701=DERIVED_UNIT_ELEMENT(#3015,-3.);
#1702=DERIVED_UNIT_ELEMENT(#1704,1.);
#1703=DERIVED_UNIT_ELEMENT(#3015,-3.);
#1704=(
MASS_UNIT()
NAMED_UNIT(*)
SI_UNIT(.KILO.,.GRAM.)
);
#1705=DERIVED_UNIT((#1698,#1699));
#1706=DERIVED_UNIT((#1700,#1701));
#1707=DERIVED_UNIT((#1702,#1703));
#1708=MEASURE_REPRESENTATION_ITEM('density measure',
POSITIVE_RATIO_MEASURE(7850.),#1705);
#1709=MEASURE_REPRESENTATION_ITEM('density measure',
POSITIVE_RATIO_MEASURE(7850.),#1706);
#1710=MEASURE_REPRESENTATION_ITEM('density measure',
POSITIVE_RATIO_MEASURE(7850.),#1707);
#1711=PROPERTY_DEFINITION_REPRESENTATION(#1726,#1717);
#1712=PROPERTY_DEFINITION_REPRESENTATION(#1727,#1718);
#1713=PROPERTY_DEFINITION_REPRESENTATION(#1728,#1719);
#1714=PROPERTY_DEFINITION_REPRESENTATION(#1729,#1720);
#1715=PROPERTY_DEFINITION_REPRESENTATION(#1730,#1721);
#1716=PROPERTY_DEFINITION_REPRESENTATION(#1731,#1722);
#1717=REPRESENTATION('material name',(#1723),#3010);
#1718=REPRESENTATION('density',(#1708),#3010);
#1719=REPRESENTATION('material name',(#1724),#3011);
#1720=REPRESENTATION('density',(#1709),#3011);
#1721=REPRESENTATION('material name',(#1725),#3012);
#1722=REPRESENTATION('density',(#1710),#3012);
#1723=DESCRIPTIVE_REPRESENTATION_ITEM('Steel','Steel');
#1724=DESCRIPTIVE_REPRESENTATION_ITEM('Steel','Steel');
#1725=DESCRIPTIVE_REPRESENTATION_ITEM('Steel','Steel');
#1726=PROPERTY_DEFINITION('material property','material name',#3035);
#1727=PROPERTY_DEFINITION('material property','density of part',#3035);
#1728=PROPERTY_DEFINITION('material property','material name',#3036);
#1729=PROPERTY_DEFINITION('material property','density of part',#3036);
#1730=PROPERTY_DEFINITION('material property','material name',#3037);
#1731=PROPERTY_DEFINITION('material property','density of part',#3037);
#1732=AXIS2_PLACEMENT_3D('',#2221,#1835,#1836);
#1733=AXIS2_PLACEMENT_3D('',#2222,#1837,#1838);
#1734=AXIS2_PLACEMENT_3D('',#2297,#1841,#1842);
#1735=AXIS2_PLACEMENT_3D('',#2368,#1849,#1850);
#1736=AXIS2_PLACEMENT_3D('',#2374,#1854,#1855);
#1737=AXIS2_PLACEMENT_3D('',#2378,#1858,#1859);
#1738=AXIS2_PLACEMENT_3D('',#2393,#1867,#1868);
#1739=AXIS2_PLACEMENT_3D('',#2394,#1869,#1870);
#1740=AXIS2_PLACEMENT_3D('',#2398,#1873,#1874);
#1741=AXIS2_PLACEMENT_3D('',#2404,#1878,#1879);
#1742=AXIS2_PLACEMENT_3D('',#2408,#1882,#1883);
#1743=AXIS2_PLACEMENT_3D('',#2410,#1885,#1886);
#1744=AXIS2_PLACEMENT_3D('',#2416,#1890,#1891);
#1745=AXIS2_PLACEMENT_3D('',#2419,#1893,#1894);
#1746=AXIS2_PLACEMENT_3D('',#2420,#1895,#1896);
#1747=AXIS2_PLACEMENT_3D('',#2429,#1901,#1902);
#1748=AXIS2_PLACEMENT_3D('',#2435,#1906,#1907);
#1749=AXIS2_PLACEMENT_3D('',#2441,#1911,#1912);
#1750=AXIS2_PLACEMENT_3D('',#2444,#1915,#1916);
#1751=AXIS2_PLACEMENT_3D('',#2448,#1919,#1920);
#1752=AXIS2_PLACEMENT_3D('',#2450,#1922,#1923);
#1753=AXIS2_PLACEMENT_3D('',#2451,#1924,#1925);
#1754=AXIS2_PLACEMENT_3D('',#2453,#1927,#1928);
#1755=AXIS2_PLACEMENT_3D('',#2455,#1930,#1931);
#1756=AXIS2_PLACEMENT_3D('',#2456,#1932,#1933);
#1757=AXIS2_PLACEMENT_3D('',#2457,#1934,#1935);
#1758=AXIS2_PLACEMENT_3D('',#2471,#1940,#1941);
#1759=AXIS2_PLACEMENT_3D('',#2480,#1944,#1945);
#1760=AXIS2_PLACEMENT_3D('',#2491,#1949,#1950);
#1761=AXIS2_PLACEMENT_3D('',#2494,#1953,#1954);
#1762=AXIS2_PLACEMENT_3D('',#2499,#1955,#1956);
#1763=AXIS2_PLACEMENT_3D('',#2628,#1957,#1958);
#1764=AXIS2_PLACEMENT_3D('',#2637,#1963,#1964);
#1765=AXIS2_PLACEMENT_3D('',#2734,#1969,#1970);
#1766=AXIS2_PLACEMENT_3D('',#2735,#1971,#1972);
#1767=AXIS2_PLACEMENT_3D('',#2744,#1977,#1978);
#1768=AXIS2_PLACEMENT_3D('',#2750,#1982,#1983);
#1769=AXIS2_PLACEMENT_3D('',#2756,#1987,#1988);
#1770=AXIS2_PLACEMENT_3D('',#2759,#1991,#1992);
#1771=AXIS2_PLACEMENT_3D('',#2768,#1997,#1998);
#1772=AXIS2_PLACEMENT_3D('',#2774,#2002,#2003);
#1773=AXIS2_PLACEMENT_3D('',#2780,#2007,#2008);
#1774=AXIS2_PLACEMENT_3D('',#2786,#2012,#2013);
#1775=AXIS2_PLACEMENT_3D('',#2792,#2017,#2018);
#1776=AXIS2_PLACEMENT_3D('',#2810,#2027,#2028);
#1777=AXIS2_PLACEMENT_3D('',#2818,#2032,#2033);
#1778=AXIS2_PLACEMENT_3D('',#2826,#2037,#2038);
#1779=AXIS2_PLACEMENT_3D('',#2838,#2044,#2045);
#1780=AXIS2_PLACEMENT_3D('',#2846,#2049,#2050);
#1781=AXIS2_PLACEMENT_3D('',#2853,#2054,#2055);
#1782=AXIS2_PLACEMENT_3D('',#2855,#2056,#2057);
#1783=AXIS2_PLACEMENT_3D('',#2857,#2058,#2059);
#1784=AXIS2_PLACEMENT_3D('',#2859,#2060,#2061);
#1785=AXIS2_PLACEMENT_3D('',#2861,#2062,#2063);
#1786=AXIS2_PLACEMENT_3D('',#2862,#2064,#2065);
#1787=AXIS2_PLACEMENT_3D('',#2864,#2066,#2067);
#1788=AXIS2_PLACEMENT_3D('',#2866,#2069,#2070);
#1789=AXIS2_PLACEMENT_3D('',#2872,#2074,#2075);
#1790=AXIS2_PLACEMENT_3D('',#2878,#2079,#2080);
#1791=AXIS2_PLACEMENT_3D('',#2884,#2084,#2085);
#1792=AXIS2_PLACEMENT_3D('',#2888,#2088,#2089);
#1793=AXIS2_PLACEMENT_3D('',#2890,#2091,#2092);
#1794=AXIS2_PLACEMENT_3D('',#2892,#2094,#2095);
#1795=AXIS2_PLACEMENT_3D('',#2895,#2097,#2098);
#1796=AXIS2_PLACEMENT_3D('',#2896,#2099,#2100);
#1797=AXIS2_PLACEMENT_3D('',#2898,#2101,#2102);
#1798=AXIS2_PLACEMENT_3D('',#2900,#2104,#2105);
#1799=AXIS2_PLACEMENT_3D('',#2906,#2109,#2110);
#1800=AXIS2_PLACEMENT_3D('',#2912,#2114,#2115);
#1801=AXIS2_PLACEMENT_3D('',#2916,#2118,#2119);
#1802=AXIS2_PLACEMENT_3D('',#2920,#2122,#2123);
#1803=AXIS2_PLACEMENT_3D('',#2922,#2125,#2126);
#1804=AXIS2_PLACEMENT_3D('',#2924,#2128,#2129);
#1805=AXIS2_PLACEMENT_3D('',#2927,#2131,#2132);
#1806=AXIS2_PLACEMENT_3D('',#2928,#2133,#2134);
#1807=AXIS2_PLACEMENT_3D('',#2930,#2135,#2136);
#1808=AXIS2_PLACEMENT_3D('',#2932,#2138,#2139);
#1809=AXIS2_PLACEMENT_3D('',#2936,#2142,#2143);
#1810=AXIS2_PLACEMENT_3D('',#2942,#2147,#2148);
#1811=AXIS2_PLACEMENT_3D('',#2944,#2150,#2151);
#1812=AXIS2_PLACEMENT_3D('',#2948,#2154,#2155);
#1813=AXIS2_PLACEMENT_3D('',#2950,#2157,#2158);
#1814=AXIS2_PLACEMENT_3D('',#2956,#2162,#2163);
#1815=AXIS2_PLACEMENT_3D('',#2960,#2166,#2167);
#1816=AXIS2_PLACEMENT_3D('',#2964,#2170,#2171);
#1817=AXIS2_PLACEMENT_3D('',#2966,#2173,#2174);
#1818=AXIS2_PLACEMENT_3D('',#2967,#2175,#2176);
#1819=AXIS2_PLACEMENT_3D('',#2968,#2177,#2178);
#1820=AXIS2_PLACEMENT_3D('',#2971,#2180,#2181);
#1821=AXIS2_PLACEMENT_3D('',#2972,#2182,#2183);
#1822=AXIS2_PLACEMENT_3D('',#2975,#2185,#2186);
#1823=AXIS2_PLACEMENT_3D('',#2976,#2187,#2188);
#1824=AXIS2_PLACEMENT_3D('',#2979,#2190,#2191);
#1825=AXIS2_PLACEMENT_3D('',#2980,#2192,#2193);
#1826=AXIS2_PLACEMENT_3D('',#2983,#2195,#2196);
#1827=AXIS2_PLACEMENT_3D('',#2984,#2197,#2198);
#1828=AXIS2_PLACEMENT_3D('',#2990,#2202,#2203);
#1829=AXIS2_PLACEMENT_3D('',#2994,#2206,#2207);
#1830=AXIS2_PLACEMENT_3D('',#2998,#2210,#2211);
#1831=AXIS2_PLACEMENT_3D('',#3000,#2213,#2214);
#1832=AXIS2_PLACEMENT_3D('',#3001,#2215,#2216);
#1833=AXIS2_PLACEMENT_3D('',#3002,#2217,#2218);
#1834=AXIS2_PLACEMENT_3D('',#3003,#2219,#2220);
#1835=DIRECTION('axis',(0.,0.,1.));
#1836=DIRECTION('refdir',(1.,0.,0.));
#1837=DIRECTION('axis',(0.,0.,1.));
#1838=DIRECTION('refdir',(1.,0.,0.));
#1839=DIRECTION('',(0.,-1.,0.));
#1840=DIRECTION('',(1.,0.,0.));
#1841=DIRECTION('center_axis',(0.,0.,1.));
#1842=DIRECTION('ref_axis',(1.,0.,0.));
#1843=DIRECTION('',(-1.,0.,0.));
#1844=DIRECTION('',(0.,1.,0.));
#1845=DIRECTION('',(1.,0.,0.));
#1846=DIRECTION('',(0.,1.,0.));
#1847=DIRECTION('',(-1.,0.,0.));
#1848=DIRECTION('',(0.,-1.,0.));
#1849=DIRECTION('center_axis',(0.,-1.,0.));
#1850=DIRECTION('ref_axis',(1.,0.,0.));
#1851=DIRECTION('',(0.,0.,1.));
#1852=DIRECTION('',(1.,0.,0.));
#1853=DIRECTION('',(0.,0.,1.));
#1854=DIRECTION('center_axis',(-1.,0.,0.));
#1855=DIRECTION('ref_axis',(0.,-1.,0.));
#1856=DIRECTION('',(0.,0.,1.));
#1857=DIRECTION('',(0.,-1.,0.));
#1858=DIRECTION('center_axis',(-1.,0.,0.));
#1859=DIRECTION('ref_axis',(0.,-1.,0.));
#1860=DIRECTION('',(0.,0.,1.));
#1861=DIRECTION('',(0.,-1.,0.));
#1862=DIRECTION('',(0.,0.,1.));
#1863=DIRECTION('',(0.,-1.,0.));
#1864=DIRECTION('',(0.,0.,1.));
#1865=DIRECTION('',(0.,-1.,0.));
#1866=DIRECTION('',(0.,0.,1.));
#1867=DIRECTION('center_axis',(1.,0.,0.));
#1868=DIRECTION('ref_axis',(0.,0.,-1.));
#1869=DIRECTION('center_axis',(0.,-1.,0.));
#1870=DIRECTION('ref_axis',(1.,0.,0.));
#1871=DIRECTION('',(0.,0.,1.));
#1872=DIRECTION('',(-1.,0.,0.));
#1873=DIRECTION('center_axis',(0.,0.,1.));
#1874=DIRECTION('ref_axis',(1.,0.,0.));
#1875=DIRECTION('',(1.,0.,0.));
#1876=DIRECTION('',(1.,0.,0.));
#1877=DIRECTION('',(0.,1.,0.));
#1878=DIRECTION('center_axis',(0.,-1.,0.));
#1879=DIRECTION('ref_axis',(1.,0.,0.));
#1880=DIRECTION('',(1.,0.,0.));
#1881=DIRECTION('',(0.,0.,1.));
#1882=DIRECTION('center_axis',(0.,0.,1.));
#1883=DIRECTION('ref_axis',(1.,0.,0.));
#1884=DIRECTION('',(0.,1.,0.));
#1885=DIRECTION('center_axis',(1.,0.,0.));
#1886=DIRECTION('ref_axis',(0.,1.,0.));
#1887=DIRECTION('',(0.,0.,1.));
#1888=DIRECTION('',(0.,1.,0.));
#1889=DIRECTION('',(0.,0.,1.));
#1890=DIRECTION('center_axis',(1.,0.,0.));
#1891=DIRECTION('ref_axis',(0.,0.,-1.));
#1892=DIRECTION('',(1.,0.,0.));
#1893=DIRECTION('center_axis',(-1.,0.,0.));
#1894=DIRECTION('ref_axis',(0.,0.,-1.));
#1895=DIRECTION('center_axis',(0.,1.,0.));
#1896=DIRECTION('ref_axis',(-1.,0.,0.));
#1897=DIRECTION('',(-1.,0.,0.));
#1898=DIRECTION('',(0.,0.,1.));
#1899=DIRECTION('',(1.,0.,0.));
#1900=DIRECTION('',(0.,0.,1.));
#1901=DIRECTION('center_axis',(1.,0.,0.));
#1902=DIRECTION('ref_axis',(0.,1.,0.));
#1903=DIRECTION('',(0.,1.,0.));
#1904=DIRECTION('',(0.,0.,1.));
#1905=DIRECTION('',(0.,-1.,0.));
#1906=DIRECTION('center_axis',(0.,-1.,0.));
#1907=DIRECTION('ref_axis',(1.,0.,0.));
#1908=DIRECTION('',(1.,0.,0.));
#1909=DIRECTION('',(0.,0.,1.));
#1910=DIRECTION('',(-1.,0.,0.));
#1911=DIRECTION('center_axis',(-1.,0.,0.));
#1912=DIRECTION('ref_axis',(0.,-1.,0.));
#1913=DIRECTION('',(0.,-1.,0.));
#1914=DIRECTION('',(0.,1.,0.));
#1915=DIRECTION('center_axis',(0.,0.,1.));
#1916=DIRECTION('ref_axis',(1.,0.,0.));
#1917=DIRECTION('',(-1.,0.,0.));
#1918=DIRECTION('',(0.,1.,0.));
#1919=DIRECTION('center_axis',(0.,1.,0.));
#1920=DIRECTION('ref_axis',(-1.,0.,0.));
#1921=DIRECTION('',(0.,0.,1.));
#1922=DIRECTION('center_axis',(1.,0.,0.));
#1923=DIRECTION('ref_axis',(0.,1.,0.));
#1924=DIRECTION('center_axis',(0.,1.,0.));
#1925=DIRECTION('ref_axis',(-1.,0.,0.));
#1926=DIRECTION('',(-1.,0.,0.));
#1927=DIRECTION('center_axis',(0.,-1.,0.));
#1928=DIRECTION('ref_axis',(1.,0.,0.));
#1929=DIRECTION('',(1.,0.,0.));
#1930=DIRECTION('center_axis',(0.,0.,1.));
#1931=DIRECTION('ref_axis',(1.,0.,0.));
#1932=DIRECTION('axis',(0.,0.,1.));
#1933=DIRECTION('refdir',(1.,0.,0.));
#1934=DIRECTION('center_axis',(-1.,0.,0.));
#1935=DIRECTION('ref_axis',(0.,-1.,0.));
#1936=DIRECTION('',(0.,0.,1.));
#1937=DIRECTION('',(0.,-1.,0.));
#1938=DIRECTION('',(0.,0.,1.));
#1939=DIRECTION('',(0.,-1.,0.));
#1940=DIRECTION('center_axis',(4.62592926927149E-18,1.,0.));
#1941=DIRECTION('ref_axis',(-1.,4.62592926927149E-18,0.));
#1942=DIRECTION('',(0.,0.,1.));
#1943=DIRECTION('',(-1.,4.62592926927149E-18,0.));
#1944=DIRECTION('center_axis',(1.,0.,0.));
#1945=DIRECTION('ref_axis',(0.,1.,0.));
#1946=DIRECTION('',(0.,1.,0.));
#1947=DIRECTION('',(0.,0.,1.));
#1948=DIRECTION('',(0.,1.,0.));
#1949=DIRECTION('center_axis',(0.,-1.,0.));
#1950=DIRECTION('ref_axis',(1.,0.,0.));
#1951=DIRECTION('',(1.,0.,0.));
#1952=DIRECTION('',(1.,0.,0.));
#1953=DIRECTION('center_axis',(0.,0.,1.));
#1954=DIRECTION('ref_axis',(1.,0.,0.));
#1955=DIRECTION('center_axis',(0.,0.,1.));
#1956=DIRECTION('ref_axis',(1.,0.,0.));
#1957=DIRECTION('center_axis',(0.,0.,1.));
#1958=DIRECTION('ref_axis',(1.,0.,0.));
#1959=DIRECTION('',(0.,-1.,0.));
#1960=DIRECTION('',(1.,0.,0.));
#1961=DIRECTION('',(0.,1.,0.));
#1962=DIRECTION('',(-1.,0.,0.));
#1963=DIRECTION('center_axis',(0.,0.,1.));
#1964=DIRECTION('ref_axis',(1.,0.,0.));
#1965=DIRECTION('',(0.,-1.,0.));
#1966=DIRECTION('',(-1.,0.,0.));
#1967=DIRECTION('',(0.,1.,0.));
#1968=DIRECTION('',(1.,0.,0.));
#1969=DIRECTION('axis',(0.,0.,1.));
#1970=DIRECTION('refdir',(1.,0.,0.));
#1971=DIRECTION('center_axis',(0.,1.,0.));
#1972=DIRECTION('ref_axis',(-1.,0.,0.));
#1973=DIRECTION('',(-1.,0.,0.));
#1974=DIRECTION('',(0.,0.,1.));
#1975=DIRECTION('',(1.,0.,0.));
#1976=DIRECTION('',(0.,0.,1.));
#1977=DIRECTION('center_axis',(1.,0.,0.));
#1978=DIRECTION('ref_axis',(0.,1.,0.));
#1979=DIRECTION('',(0.,1.,0.));
#1980=DIRECTION('',(0.,0.,1.));
#1981=DIRECTION('',(0.,-1.,0.));
#1982=DIRECTION('center_axis',(0.,-1.,0.));
#1983=DIRECTION('ref_axis',(1.,0.,0.));
#1984=DIRECTION('',(1.,0.,0.));
#1985=DIRECTION('',(0.,0.,1.));
#1986=DIRECTION('',(-1.,0.,0.));
#1987=DIRECTION('center_axis',(-1.,0.,0.));
#1988=DIRECTION('ref_axis',(0.,-1.,0.));
#1989=DIRECTION('',(0.,-1.,0.));
#1990=DIRECTION('',(0.,1.,0.));
#1991=DIRECTION('center_axis',(-1.,0.,0.));
#1992=DIRECTION('ref_axis',(0.,-1.,0.));
#1993=DIRECTION('',(0.,0.,1.));
#1994=DIRECTION('',(0.,-1.,0.));
#1995=DIRECTION('',(0.,0.,1.));
#1996=DIRECTION('',(0.,1.,0.));
#1997=DIRECTION('center_axis',(0.,1.,0.));
#1998=DIRECTION('ref_axis',(-1.,0.,0.));
#1999=DIRECTION('',(-1.,0.,0.));
#2000=DIRECTION('',(0.,0.,1.));
#2001=DIRECTION('',(1.,0.,0.));
#2002=DIRECTION('center_axis',(1.,0.,0.));
#2003=DIRECTION('ref_axis',(0.,1.,0.));
#2004=DIRECTION('',(0.,1.,0.));
#2005=DIRECTION('',(0.,0.,1.));
#2006=DIRECTION('',(0.,-1.,0.));
#2007=DIRECTION('center_axis',(0.,-1.,0.));
#2008=DIRECTION('ref_axis',(1.,0.,0.));
#2009=DIRECTION('',(1.,0.,0.));
#2010=DIRECTION('',(0.,0.,1.));
#2011=DIRECTION('',(-1.,0.,0.));
#2012=DIRECTION('center_axis',(-1.,0.,0.));
#2013=DIRECTION('ref_axis',(0.,-1.,0.));
#2014=DIRECTION('',(0.,0.,-1.));
#2015=DIRECTION('',(0.,1.,0.));
#2016=DIRECTION('',(0.,-1.,0.));
#2017=DIRECTION('center_axis',(0.,0.,1.));
#2018=DIRECTION('ref_axis',(1.,0.,0.));
#2019=DIRECTION('',(0.,-1.,0.));
#2020=DIRECTION('',(-1.,0.,0.));
#2021=DIRECTION('',(0.,1.,0.));
#2022=DIRECTION('',(1.,0.,0.));
#2023=DIRECTION('',(-1.,0.,0.));
#2024=DIRECTION('',(0.,-1.,0.));
#2025=DIRECTION('',(1.,0.,0.));
#2026=DIRECTION('',(0.,1.,0.));
#2027=DIRECTION('center_axis',(0.,0.,1.));
#2028=DIRECTION('ref_axis',(1.,0.,0.));
#2029=DIRECTION('',(0.,1.,0.));
#2030=DIRECTION('',(-1.,0.,0.));
#2031=DIRECTION('',(0.,-1.,0.));
#2032=DIRECTION('center_axis',(0.,0.,1.));
#2033=DIRECTION('ref_axis',(1.,0.,0.));
#2034=DIRECTION('',(0.,1.,0.));
#2035=DIRECTION('',(-1.,0.,0.));
#2036=DIRECTION('',(0.,-1.,0.));
#2037=DIRECTION('center_axis',(0.,0.,1.));
#2038=DIRECTION('ref_axis',(1.,0.,0.));
#2039=DIRECTION('',(0.,1.,0.));
#2040=DIRECTION('',(-1.,0.,0.));
#2041=DIRECTION('',(0.,-1.,0.));
#2042=DIRECTION('',(1.,0.,0.));
#2043=DIRECTION('',(0.,1.,0.));
#2044=DIRECTION('center_axis',(0.,0.,1.));
#2045=DIRECTION('ref_axis',(1.,0.,0.));
#2046=DIRECTION('',(0.,-1.,0.));
#2047=DIRECTION('',(1.,0.,0.));
#2048=DIRECTION('',(0.,1.,0.));
#2049=DIRECTION('center_axis',(0.,0.,1.));
#2050=DIRECTION('ref_axis',(1.,0.,0.));
#2051=DIRECTION('',(0.,-1.,0.));
#2052=DIRECTION('',(1.,0.,0.));
#2053=DIRECTION('',(0.,1.,0.));
#2054=DIRECTION('center_axis',(0.,0.,1.));
#2055=DIRECTION('ref_axis',(1.,0.,0.));
#2056=DIRECTION('center_axis',(0.,0.,1.));
#2057=DIRECTION('ref_axis',(1.,0.,0.));
#2058=DIRECTION('center_axis',(0.,0.,1.));
#2059=DIRECTION('ref_axis',(1.,0.,0.));
#2060=DIRECTION('center_axis',(0.,0.,1.));
#2061=DIRECTION('ref_axis',(1.,0.,0.));
#2062=DIRECTION('center_axis',(0.,0.,1.));
#2063=DIRECTION('ref_axis',(1.,0.,0.));
#2064=DIRECTION('center_axis',(0.,0.,1.));
#2065=DIRECTION('ref_axis',(1.,0.,0.));
#2066=DIRECTION('center_axis',(0.,0.,-1.));
#2067=DIRECTION('ref_axis',(1.,0.,0.));
#2068=DIRECTION('',(0.,0.,-1.));
#2069=DIRECTION('center_axis',(-1.,0.,0.));
#2070=DIRECTION('ref_axis',(0.,-1.,0.));
#2071=DIRECTION('',(0.,0.,-1.));
#2072=DIRECTION('',(0.,1.,0.));
#2073=DIRECTION('',(0.,0.,1.));
#2074=DIRECTION('center_axis',(-1.,0.,0.));
#2075=DIRECTION('ref_axis',(0.,-1.,0.));
#2076=DIRECTION('',(0.,0.,1.));
#2077=DIRECTION('',(0.,0.,1.));
#2078=DIRECTION('',(0.,1.,0.));
#2079=DIRECTION('center_axis',(1.,0.,0.));
#2080=DIRECTION('ref_axis',(0.,1.,0.));
#2081=DIRECTION('',(0.,0.,1.));
#2082=DIRECTION('',(0.,0.,1.));
#2083=DIRECTION('',(0.,-1.,0.));
#2084=DIRECTION('center_axis',(0.,1.,0.));
#2085=DIRECTION('ref_axis',(-1.,0.,0.));
#2086=DIRECTION('',(0.,0.,1.));
#2087=DIRECTION('',(1.,0.,0.));
#2088=DIRECTION('center_axis',(1.,0.,0.));
#2089=DIRECTION('ref_axis',(0.,1.,0.));
#2090=DIRECTION('',(0.,-1.,0.));
#2091=DIRECTION('center_axis',(0.,-1.,0.));
#2092=DIRECTION('ref_axis',(1.,0.,0.));
#2093=DIRECTION('',(-1.,0.,0.));
#2094=DIRECTION('center_axis',(0.,0.,1.));
#2095=DIRECTION('ref_axis',(1.,0.,0.));
#2096=DIRECTION('',(0.,0.,1.));
#2097=DIRECTION('center_axis',(0.,0.,-1.));
#2098=DIRECTION('ref_axis',(1.,0.,0.));
#2099=DIRECTION('center_axis',(0.,0.,1.));
#2100=DIRECTION('ref_axis',(1.,0.,0.));
#2101=DIRECTION('center_axis',(0.,0.,-1.));
#2102=DIRECTION('ref_axis',(1.,0.,0.));
#2103=DIRECTION('',(0.,0.,-1.));
#2104=DIRECTION('center_axis',(-1.,0.,0.));
#2105=DIRECTION('ref_axis',(0.,-1.,0.));
#2106=DIRECTION('',(0.,0.,-1.));
#2107=DIRECTION('',(0.,1.,0.));
#2108=DIRECTION('',(0.,0.,1.));
#2109=DIRECTION('center_axis',(-1.,0.,0.));
#2110=DIRECTION('ref_axis',(0.,-1.,0.));
#2111=DIRECTION('',(0.,0.,1.));
#2112=DIRECTION('',(0.,0.,1.));
#2113=DIRECTION('',(0.,1.,0.));
#2114=DIRECTION('center_axis',(1.,0.,0.));
#2115=DIRECTION('ref_axis',(0.,1.,0.));
#2116=DIRECTION('',(0.,0.,1.));
#2117=DIRECTION('',(0.,-1.,0.));
#2118=DIRECTION('center_axis',(0.,1.,0.));
#2119=DIRECTION('ref_axis',(-1.,0.,0.));
#2120=DIRECTION('',(0.,0.,1.));
#2121=DIRECTION('',(1.,0.,0.));
#2122=DIRECTION('center_axis',(1.,0.,0.));
#2123=DIRECTION('ref_axis',(0.,1.,0.));
#2124=DIRECTION('',(0.,-1.,0.));
#2125=DIRECTION('center_axis',(0.,-1.,0.));
#2126=DIRECTION('ref_axis',(1.,0.,0.));
#2127=DIRECTION('',(-1.,0.,0.));
#2128=DIRECTION('center_axis',(0.,0.,1.));
#2129=DIRECTION('ref_axis',(1.,0.,0.));
#2130=DIRECTION('',(0.,0.,1.));
#2131=DIRECTION('center_axis',(0.,0.,-1.));
#2132=DIRECTION('ref_axis',(1.,0.,0.));
#2133=DIRECTION('center_axis',(0.,0.,1.));
#2134=DIRECTION('ref_axis',(1.,0.,0.));
#2135=DIRECTION('center_axis',(0.,0.,-1.));
#2136=DIRECTION('ref_axis',(1.,0.,0.));
#2137=DIRECTION('',(0.,0.,-1.));
#2138=DIRECTION('center_axis',(1.,0.,0.));
#2139=DIRECTION('ref_axis',(0.,1.,0.));
#2140=DIRECTION('',(0.,0.,1.));
#2141=DIRECTION('',(0.,-1.,0.));
#2142=DIRECTION('center_axis',(0.,1.,0.));
#2143=DIRECTION('ref_axis',(-1.,0.,0.));
#2144=DIRECTION('',(0.,0.,1.));
#2145=DIRECTION('',(1.,0.,0.));
#2146=DIRECTION('',(0.,0.,1.));
#2147=DIRECTION('center_axis',(1.,0.,0.));
#2148=DIRECTION('ref_axis',(0.,1.,0.));
#2149=DIRECTION('',(0.,-1.,0.));
#2150=DIRECTION('center_axis',(0.,-1.,0.));
#2151=DIRECTION('ref_axis',(1.,0.,0.));
#2152=DIRECTION('',(0.,0.,1.));
#2153=DIRECTION('',(-1.,0.,0.));
#2154=DIRECTION('center_axis',(-1.,0.,0.));
#2155=DIRECTION('ref_axis',(0.,-1.,0.));
#2156=DIRECTION('',(0.,1.,0.));
#2157=DIRECTION('center_axis',(0.,1.,0.));
#2158=DIRECTION('ref_axis',(-1.,0.,0.));
#2159=DIRECTION('',(0.,0.,1.));
#2160=DIRECTION('',(1.,0.,0.));
#2161=DIRECTION('',(0.,0.,1.));
#2162=DIRECTION('center_axis',(1.,0.,0.));
#2163=DIRECTION('ref_axis',(0.,1.,0.));
#2164=DIRECTION('',(0.,0.,1.));
#2165=DIRECTION('',(0.,-1.,0.));
#2166=DIRECTION('center_axis',(0.,-1.,0.));
#2167=DIRECTION('ref_axis',(1.,0.,0.));
#2168=DIRECTION('',(0.,0.,1.));
#2169=DIRECTION('',(-1.,0.,0.));
#2170=DIRECTION('center_axis',(-1.,0.,0.));
#2171=DIRECTION('ref_axis',(0.,-1.,0.));
#2172=DIRECTION('',(0.,1.,0.));
#2173=DIRECTION('center_axis',(0.,0.,1.));
#2174=DIRECTION('ref_axis',(1.,0.,0.));
#2175=DIRECTION('center_axis',(0.,0.,-1.));
#2176=DIRECTION('ref_axis',(1.,0.,0.));
#2177=DIRECTION('center_axis',(0.,0.,1.));
#2178=DIRECTION('ref_axis',(1.,0.,0.));
#2179=DIRECTION('',(0.,0.,1.));
#2180=DIRECTION('center_axis',(0.,0.,-1.));
#2181=DIRECTION('ref_axis',(1.,0.,0.));
#2182=DIRECTION('center_axis',(0.,0.,1.));
#2183=DIRECTION('ref_axis',(1.,0.,0.));
#2184=DIRECTION('',(0.,0.,1.));
#2185=DIRECTION('center_axis',(0.,0.,-1.));
#2186=DIRECTION('ref_axis',(1.,0.,0.));
#2187=DIRECTION('center_axis',(0.,0.,1.));
#2188=DIRECTION('ref_axis',(1.,0.,0.));
#2189=DIRECTION('',(0.,0.,1.));
#2190=DIRECTION('center_axis',(0.,0.,-1.));
#2191=DIRECTION('ref_axis',(1.,0.,0.));
#2192=DIRECTION('center_axis',(0.,0.,1.));
#2193=DIRECTION('ref_axis',(1.,0.,0.));
#2194=DIRECTION('',(0.,0.,1.));
#2195=DIRECTION('center_axis',(0.,0.,-1.));
#2196=DIRECTION('ref_axis',(1.,0.,0.));
#2197=DIRECTION('center_axis',(0.,1.,0.));
#2198=DIRECTION('ref_axis',(-1.,0.,0.));
#2199=DIRECTION('',(0.,0.,1.));
#2200=DIRECTION('',(-1.,0.,0.));
#2201=DIRECTION('',(0.,0.,1.));
#2202=DIRECTION('center_axis',(1.,0.,0.));
#2203=DIRECTION('ref_axis',(0.,1.,0.));
#2204=DIRECTION('',(0.,1.,0.));
#2205=DIRECTION('',(0.,0.,1.));
#2206=DIRECTION('center_axis',(0.,-1.,0.));
#2207=DIRECTION('ref_axis',(1.,0.,0.));
#2208=DIRECTION('',(1.,0.,0.));
#2209=DIRECTION('',(0.,0.,1.));
#2210=DIRECTION('center_axis',(-1.,0.,0.));
#2211=DIRECTION('ref_axis',(0.,-1.,0.));
#2212=DIRECTION('',(0.,-1.,0.));
#2213=DIRECTION('center_axis',(0.,0.,1.));
#2214=DIRECTION('ref_axis',(1.,0.,0.));
#2215=DIRECTION('',(0.,0.,1.));
#2216=DIRECTION('',(1.,0.,0.));
#2217=DIRECTION('',(0.,0.,1.));
#2218=DIRECTION('',(1.,0.,0.));
#2219=DIRECTION('',(0.,0.,1.));
#2220=DIRECTION('',(1.,0.,0.));
#2221=CARTESIAN_POINT('',(0.,0.,0.));
#2222=CARTESIAN_POINT('',(0.,0.,0.));
#2223=CARTESIAN_POINT('Ctrl Pts',(-5.72458747072346E-16,98.0988821445649,
0.999714721601609));
#2224=CARTESIAN_POINT('Ctrl Pts',(0.272686166760352,98.0858223954573,3.96207015700946));
#2225=CARTESIAN_POINT('Ctrl Pts',(0.33935283342702,97.9861950139356,6.96216524980892));
#2226=CARTESIAN_POINT('Ctrl Pts',(0.200000000000003,97.8,10.));
#2227=CARTESIAN_POINT('Ctrl Pts',(-5.72458747072346E-16,65.3662940481883,
0.999714721601609));
#2228=CARTESIAN_POINT('Ctrl Pts',(0.272686166760352,65.3619407984857,3.96207015700946));
#2229=CARTESIAN_POINT('Ctrl Pts',(0.33935283342702,65.3287316713119,6.96216524980893));
#2230=CARTESIAN_POINT('Ctrl Pts',(0.200000000000003,65.2666666666667,10.));
#2231=CARTESIAN_POINT('Ctrl Pts',(-5.72458747072346E-16,32.6337059518117,
0.999714721601609));
#2232=CARTESIAN_POINT('Ctrl Pts',(0.272686166760352,32.6380592015142,3.96207015700946));
#2233=CARTESIAN_POINT('Ctrl Pts',(0.33935283342702,32.6712683286881,6.96216524980892));
#2234=CARTESIAN_POINT('Ctrl Pts',(0.200000000000003,32.7333333333333,10.));
#2235=CARTESIAN_POINT('Ctrl Pts',(-5.72458747072346E-16,-0.0988821445648889,
0.999714721601609));
#2236=CARTESIAN_POINT('Ctrl Pts',(0.272686166760352,-0.0858223954572588,
3.96207015700946));
#2237=CARTESIAN_POINT('Ctrl Pts',(0.33935283342702,0.0138049860643576,6.96216524980892));
#2238=CARTESIAN_POINT('Ctrl Pts',(0.200000000000003,0.19999999999996,10.));
#2239=CARTESIAN_POINT('',(0.262437240048248,98.,5.88772246980246));
#2240=CARTESIAN_POINT('',(0.,98.,0.999714721601615));
#2241=CARTESIAN_POINT('Ctrl Pts',(0.262437240048269,98.,5.88772246980292));
#2242=CARTESIAN_POINT('Ctrl Pts',(0.236539250733164,98.,4.25441160720948));
#2243=CARTESIAN_POINT('Ctrl Pts',(0.149604548983386,98.,2.62495979401543));
#2244=CARTESIAN_POINT('Ctrl Pts',(-3.46944695195361E-17,98.,0.999714721601615));
#2245=CARTESIAN_POINT('',(0.19999999999996,97.8,10.));
#2246=CARTESIAN_POINT('Ctrl Pts',(0.262437240048248,98.,5.88772246980246));
#2247=CARTESIAN_POINT('Ctrl Pts',(0.284048950460701,97.9511595873997,7.25071018851676));
#2248=CARTESIAN_POINT('Ctrl Pts',(0.263236537111272,97.8844929207331,8.62146936524927));
#2249=CARTESIAN_POINT('Ctrl Pts',(0.19999999999996,97.8,10.));
#2250=CARTESIAN_POINT('',(0.200000000000003,0.200000000000003,10.));
#2251=CARTESIAN_POINT('',(0.200000000000003,97.8,10.));
#2252=CARTESIAN_POINT('',(0.262437240048273,-1.0842021724855E-17,5.88772246980316));
#2253=CARTESIAN_POINT('Ctrl Pts',(0.262437240048273,-2.16840434497101E-17,
5.88772246980316));
#2254=CARTESIAN_POINT('Ctrl Pts',(0.284048950460717,0.0488404126002668,
7.25071018851722));
#2255=CARTESIAN_POINT('Ctrl Pts',(0.263236537111293,0.115507079266934,8.6214693652495));
#2256=CARTESIAN_POINT('Ctrl Pts',(0.200000000000003,0.200000000000003,10.));
#2257=CARTESIAN_POINT('',(0.,0.,0.999714721601615));
#2258=CARTESIAN_POINT('Ctrl Pts',(1.04083408558608E-16,-1.83514156754583E-15,
0.999714721601616));
#2259=CARTESIAN_POINT('Ctrl Pts',(0.149604548983405,-1.83489145167248E-15,
2.62495979401564));
#2260=CARTESIAN_POINT('Ctrl Pts',(0.236539250733186,-1.84442208340571E-15,
4.2544116072099));
#2261=CARTESIAN_POINT('Ctrl Pts',(0.262437240048279,-1.83436217417839E-15,
5.88772246980354));
#2262=CARTESIAN_POINT('Ctrl Pts',(0.,98.,0.999714721601615));
#2263=CARTESIAN_POINT('Ctrl Pts',(0.,81.6666666666667,0.999714721601615));
#2264=CARTESIAN_POINT('Ctrl Pts',(-3.46944695195361E-17,65.3333333333333,
0.999714721601615));
#2265=CARTESIAN_POINT('Ctrl Pts',(-3.46944695195361E-17,32.6666666666667,
0.999714721601615));
#2266=CARTESIAN_POINT('Ctrl Pts',(0.,16.3333333333333,0.999714721601615));
#2267=CARTESIAN_POINT('Ctrl Pts',(0.,0.,0.999714721601615));
#2268=CARTESIAN_POINT('Ctrl Pts',(0.262437240048273,-3.46944695195361E-17,
5.88772246980316));
#2269=CARTESIAN_POINT('Ctrl Pts',(0.284048950460717,0.0488404126002667,
7.25071018851722));
#2270=CARTESIAN_POINT('Ctrl Pts',(0.263236537111294,0.115507079266934,8.6214693652495));
#2271=CARTESIAN_POINT('Ctrl Pts',(0.200000000000003,0.200000000000003,10.));
#2272=CARTESIAN_POINT('Ctrl Pts',(32.7541457466828,-3.46944695195361E-17,
5.88772246980316));
#2273=CARTESIAN_POINT('Ctrl Pts',(32.7613496501536,0.0488404126002667,7.25071018851722));
#2274=CARTESIAN_POINT('Ctrl Pts',(32.7544121790371,0.115507079266934,8.6214693652495));
#2275=CARTESIAN_POINT('Ctrl Pts',(32.7333333333333,0.200000000000003,10.));
#2276=CARTESIAN_POINT('Ctrl Pts',(65.2458542533172,-3.46944695195361E-17,
5.88772246980316));
#2277=CARTESIAN_POINT('Ctrl Pts',(65.2386503498464,0.0488404126002668,7.25071018851722));
#2278=CARTESIAN_POINT('Ctrl Pts',(65.2455878209629,0.115507079266934,8.6214693652495));
#2279=CARTESIAN_POINT('Ctrl Pts',(65.2666666666667,0.200000000000003,10.));
#2280=CARTESIAN_POINT('Ctrl Pts',(97.7375627599517,-3.46944695195361E-17,
5.88772246980316));
#2281=CARTESIAN_POINT('Ctrl Pts',(97.7159510495393,0.0488404126002667,7.25071018851722));
#2282=CARTESIAN_POINT('Ctrl Pts',(97.7367634628887,0.115507079266934,8.6214693652495));
#2283=CARTESIAN_POINT('Ctrl Pts',(97.8,0.200000000000003,10.));
#2284=CARTESIAN_POINT('',(97.7375627599517,-1.0842021724855E-17,5.88772246980316));
#2285=CARTESIAN_POINT('Ctrl Pts',(0.262437240048273,-3.46944695195361E-17,
5.88772246980316));
#2286=CARTESIAN_POINT('Ctrl Pts',(16.5082914933655,-3.46944695195361E-17,
5.88772246980316));
#2287=CARTESIAN_POINT('Ctrl Pts',(32.7541457466828,-3.46944695195361E-17,
5.88772246980316));
#2288=CARTESIAN_POINT('Ctrl Pts',(65.2458542533172,-3.46944695195361E-17,
5.88772246980316));
#2289=CARTESIAN_POINT('Ctrl Pts',(81.4917085066345,-3.46944695195361E-17,
5.88772246980316));
#2290=CARTESIAN_POINT('Ctrl Pts',(97.7375627599517,-3.46944695195361E-17,
5.88772246980316));
#2291=CARTESIAN_POINT('',(97.8,0.200000000000003,10.));
#2292=CARTESIAN_POINT('',(0.200000000000003,0.200000000000003,10.));
#2293=CARTESIAN_POINT('Ctrl Pts',(97.7375627599517,-2.16840434497101E-17,
5.88772246980316));
#2294=CARTESIAN_POINT('Ctrl Pts',(97.7159510495393,0.0488404126002668,7.25071018851722));
#2295=CARTESIAN_POINT('Ctrl Pts',(97.7367634628887,0.115507079266934,8.6214693652495));
#2296=CARTESIAN_POINT('Ctrl Pts',(97.8,0.200000000000003,10.));
#2297=CARTESIAN_POINT('Origin',(49.,49.,10.));
#2298=CARTESIAN_POINT('',(97.8,97.8,10.));
#2299=CARTESIAN_POINT('',(97.8,97.8,10.));
#2300=CARTESIAN_POINT('',(97.8,0.200000000000003,10.));
#2301=CARTESIAN_POINT('',(2.5,95.5,10.));
#2302=CARTESIAN_POINT('',(95.5,95.5,10.));
#2303=CARTESIAN_POINT('',(72.25,95.5,10.));
#2304=CARTESIAN_POINT('',(2.5,2.5,10.));
#2305=CARTESIAN_POINT('',(2.5,72.25,10.));
#2306=CARTESIAN_POINT('',(95.5,2.5,10.));
#2307=CARTESIAN_POINT('',(25.75,2.5,10.));
#2308=CARTESIAN_POINT('',(95.5,25.75,10.));
#2309=CARTESIAN_POINT('Ctrl Pts',(98.,-0.0988821445649065,0.999714721601235));
#2310=CARTESIAN_POINT('Ctrl Pts',(97.7273138332396,-0.0858223954572669,
3.96207015700921));
#2311=CARTESIAN_POINT('Ctrl Pts',(97.660647166573,0.0138049860643696,6.9621652498088));
#2312=CARTESIAN_POINT('Ctrl Pts',(97.8,0.200000000000003,10.));
#2313=CARTESIAN_POINT('Ctrl Pts',(98.,32.6337059518117,0.999714721601235));
#2314=CARTESIAN_POINT('Ctrl Pts',(97.7273138332396,32.6380592015142,3.96207015700921));
#2315=CARTESIAN_POINT('Ctrl Pts',(97.660647166573,32.6712683286881,6.9621652498088));
#2316=CARTESIAN_POINT('Ctrl Pts',(97.8,32.7333333333333,10.));
#2317=CARTESIAN_POINT('Ctrl Pts',(98.,65.3662940481883,0.999714721601235));
#2318=CARTESIAN_POINT('Ctrl Pts',(97.7273138332396,65.3619407984857,3.96207015700921));
#2319=CARTESIAN_POINT('Ctrl Pts',(97.660647166573,65.3287316713119,6.96216524980879));
#2320=CARTESIAN_POINT('Ctrl Pts',(97.8,65.2666666666667,10.));
#2321=CARTESIAN_POINT('Ctrl Pts',(98.,98.0988821445649,0.999714721601235));
#2322=CARTESIAN_POINT('Ctrl Pts',(97.7273138332396,98.0858223954573,3.96207015700921));
#2323=CARTESIAN_POINT('Ctrl Pts',(97.660647166573,97.9861950139356,6.9621652498088));
#2324=CARTESIAN_POINT('Ctrl Pts',(97.8,97.8,10.));
#2325=CARTESIAN_POINT('',(98.,98.,0.999714721601346));
#2326=CARTESIAN_POINT('',(97.7375627599517,98.,5.88772246980246));
#2327=CARTESIAN_POINT('Ctrl Pts',(98.,98.,0.999714721601347));
#2328=CARTESIAN_POINT('Ctrl Pts',(97.8503954510166,98.,2.62495979401541));
#2329=CARTESIAN_POINT('Ctrl Pts',(97.7634607492668,98.,4.25441160720966));
#2330=CARTESIAN_POINT('Ctrl Pts',(97.7375627599517,98.,5.88772246980305));
#2331=CARTESIAN_POINT('',(98.,0.,0.999714721601346));
#2332=CARTESIAN_POINT('Ctrl Pts',(98.,0.,0.999714721601346));
#2333=CARTESIAN_POINT('Ctrl Pts',(98.,16.3333333333333,0.999714721601346));
#2334=CARTESIAN_POINT('Ctrl Pts',(98.,32.6666666666667,0.999714721601235));
#2335=CARTESIAN_POINT('Ctrl Pts',(98.,65.3333333333333,0.999714721601235));
#2336=CARTESIAN_POINT('Ctrl Pts',(98.,81.6666666666667,0.999714721601346));
#2337=CARTESIAN_POINT('Ctrl Pts',(98.,98.,0.999714721601346));
#2338=CARTESIAN_POINT('Ctrl Pts',(97.7375627599517,3.7898571379606E-19,
5.88772246980316));
#2339=CARTESIAN_POINT('Ctrl Pts',(97.7634607492668,-5.26973919672224E-19,
4.25441160720954));
#2340=CARTESIAN_POINT('Ctrl Pts',(97.8503954510166,7.64431931546911E-19,
2.62495979401532));
#2341=CARTESIAN_POINT('Ctrl Pts',(98.,8.10608068893178E-19,0.999714721601347));
#2342=CARTESIAN_POINT('Ctrl Pts',(97.7375627599517,98.,5.88772246980246));
#2343=CARTESIAN_POINT('Ctrl Pts',(97.7159510495393,97.9511595873997,7.25071018851676));
#2344=CARTESIAN_POINT('Ctrl Pts',(97.7367634628887,97.8844929207331,8.62146936524927));
#2345=CARTESIAN_POINT('Ctrl Pts',(97.8,97.8,10.));
#2346=CARTESIAN_POINT('Ctrl Pts',(97.7375627599517,98.,5.88772246980246));
#2347=CARTESIAN_POINT('Ctrl Pts',(97.7159510495392,97.9511595873997,7.25071018851675));
#2348=CARTESIAN_POINT('Ctrl Pts',(97.7367634628887,97.8844929207331,8.62146936524927));
#2349=CARTESIAN_POINT('Ctrl Pts',(97.8,97.8,10.));
#2350=CARTESIAN_POINT('Ctrl Pts',(65.2458542533172,98.,5.88772246980246));
#2351=CARTESIAN_POINT('Ctrl Pts',(65.2386503498464,97.9511595873997,7.25071018851675));
#2352=CARTESIAN_POINT('Ctrl Pts',(65.2455878209629,97.8844929207331,8.62146936524927));
#2353=CARTESIAN_POINT('Ctrl Pts',(65.2666666666667,97.8,10.));
#2354=CARTESIAN_POINT('Ctrl Pts',(32.7541457466827,98.,5.88772246980246));
#2355=CARTESIAN_POINT('Ctrl Pts',(32.7613496501536,97.9511595873997,7.25071018851676));
#2356=CARTESIAN_POINT('Ctrl Pts',(32.7544121790371,97.8844929207331,8.62146936524926));
#2357=CARTESIAN_POINT('Ctrl Pts',(32.7333333333333,97.8,10.));
#2358=CARTESIAN_POINT('Ctrl Pts',(0.262437240048248,98.,5.88772246980246));
#2359=CARTESIAN_POINT('Ctrl Pts',(0.284048950460701,97.9511595873997,7.25071018851675));
#2360=CARTESIAN_POINT('Ctrl Pts',(0.263236537111272,97.8844929207331,8.62146936524927));
#2361=CARTESIAN_POINT('Ctrl Pts',(0.19999999999996,97.8,10.));
#2362=CARTESIAN_POINT('Ctrl Pts',(97.7375627599517,98.,5.88772246980292));
#2363=CARTESIAN_POINT('Ctrl Pts',(81.4917085066345,98.,5.88772246980292));
#2364=CARTESIAN_POINT('Ctrl Pts',(65.2458542533172,98.,5.88772246980292));
#2365=CARTESIAN_POINT('Ctrl Pts',(32.7541457466827,98.,5.88772246980292));
#2366=CARTESIAN_POINT('Ctrl Pts',(16.5082914933655,98.,5.88772246980292));
#2367=CARTESIAN_POINT('Ctrl Pts',(0.262437240048256,98.,5.88772246980292));
#2368=CARTESIAN_POINT('Origin',(2.5,2.5,7.));
#2369=CARTESIAN_POINT('',(2.5,2.5,12.5));
#2370=CARTESIAN_POINT('',(2.5,2.5,7.));
#2371=CARTESIAN_POINT('',(95.5,2.5,12.5));
#2372=CARTESIAN_POINT('',(2.5,2.5,12.5));
#2373=CARTESIAN_POINT('',(95.5,2.5,7.));
#2374=CARTESIAN_POINT('Origin',(2.5,95.5,7.));
#2375=CARTESIAN_POINT('',(2.5,95.5,12.5));
#2376=CARTESIAN_POINT('',(2.5,95.5,7.));
#2377=CARTESIAN_POINT('',(2.5,95.5,12.5));
#2378=CARTESIAN_POINT('Origin',(0.,98.,0.));
#2379=CARTESIAN_POINT('',(0.,0.,10.));
#2380=CARTESIAN_POINT('',(0.,0.,0.));
#2381=CARTESIAN_POINT('',(0.,-12.,10.));
#2382=CARTESIAN_POINT('',(0.,0.3,10.));
#2383=CARTESIAN_POINT('',(0.,-12.,25.));
#2384=CARTESIAN_POINT('',(0.,-12.,10.));
#2385=CARTESIAN_POINT('',(0.,0.,25.));
#2386=CARTESIAN_POINT('',(0.,0.3,25.));
#2387=CARTESIAN_POINT('',(0.,0.,35.));
#2388=CARTESIAN_POINT('',(0.,0.,0.));
#2389=CARTESIAN_POINT('',(0.,98.,35.));
#2390=CARTESIAN_POINT('',(0.,98.,35.));
#2391=CARTESIAN_POINT('',(0.,98.,0.));
#2392=CARTESIAN_POINT('',(0.,20.,31.));
#2393=CARTESIAN_POINT('Origin',(0.,20.,25.));
#2394=CARTESIAN_POINT('Origin',(0.,0.,0.));
#2395=CARTESIAN_POINT('',(98.,0.,10.));
#2396=CARTESIAN_POINT('',(98.,0.,0.));
#2397=CARTESIAN_POINT('',(24.5,0.,10.));
#2398=CARTESIAN_POINT('Origin',(49.,-5.85,25.));
#2399=CARTESIAN_POINT('',(98.,0.,25.));
#2400=CARTESIAN_POINT('',(24.5,0.,25.));
#2401=CARTESIAN_POINT('',(98.,-12.,25.));
#2402=CARTESIAN_POINT('',(0.,-12.,25.));
#2403=CARTESIAN_POINT('',(98.,-12.,25.));
#2404=CARTESIAN_POINT('Origin',(0.,-12.,10.));
#2405=CARTESIAN_POINT('',(98.,-12.,10.));
#2406=CARTESIAN_POINT('',(0.,-12.,10.));
#2407=CARTESIAN_POINT('',(98.,-12.,10.));
#2408=CARTESIAN_POINT('Origin',(49.,-5.85,10.));
#2409=CARTESIAN_POINT('',(98.,-12.,10.));
#2410=CARTESIAN_POINT('Origin',(98.,0.,0.));
#2411=CARTESIAN_POINT('',(98.,98.,35.));
#2412=CARTESIAN_POINT('',(98.,98.,0.));
#2413=CARTESIAN_POINT('',(98.,0.,35.));
#2414=CARTESIAN_POINT('',(98.,0.,35.));
#2415=CARTESIAN_POINT('',(98.,0.,0.));
#2416=CARTESIAN_POINT('Origin',(0.,20.,25.));
#2417=CARTESIAN_POINT('',(2.,20.,31.));
#2418=CARTESIAN_POINT('',(0.,20.,31.));
#2419=CARTESIAN_POINT('Origin',(2.,20.,25.));
#2420=CARTESIAN_POINT('Origin',(96.,96.,12.5));
#2421=CARTESIAN_POINT('',(96.,96.,12.5));
#2422=CARTESIAN_POINT('',(2.,96.,12.5));
#2423=CARTESIAN_POINT('',(96.,96.,12.5));
#2424=CARTESIAN_POINT('',(96.,96.,35.));
#2425=CARTESIAN_POINT('',(96.,96.,12.5));
#2426=CARTESIAN_POINT('',(2.,96.,35.));
#2427=CARTESIAN_POINT('',(72.5,96.,35.));
#2428=CARTESIAN_POINT('',(2.,96.,12.5));
#2429=CARTESIAN_POINT('Origin',(96.,2.,12.5));
#2430=CARTESIAN_POINT('',(96.,2.,12.5));
#2431=CARTESIAN_POINT('',(96.,2.,12.5));
#2432=CARTESIAN_POINT('',(96.,1.99999999999999,35.));
#2433=CARTESIAN_POINT('',(96.,2.,12.5));
#2434=CARTESIAN_POINT('',(96.,25.5,35.));
#2435=CARTESIAN_POINT('Origin',(2.,2.,12.5));
#2436=CARTESIAN_POINT('',(2.,1.99999999999999,12.5));
#2437=CARTESIAN_POINT('',(2.,2.,12.5));
#2438=CARTESIAN_POINT('',(2.,1.99999999999999,35.));
#2439=CARTESIAN_POINT('',(2.,1.99999999999999,12.5));
#2440=CARTESIAN_POINT('',(25.5,2.,35.));
#2441=CARTESIAN_POINT('Origin',(2.,96.,12.5));
#2442=CARTESIAN_POINT('',(2.,96.,12.5));
#2443=CARTESIAN_POINT('',(2.,72.5,35.));
#2444=CARTESIAN_POINT('Origin',(49.,49.,12.5));
#2445=CARTESIAN_POINT('',(95.5,95.5,12.5));
#2446=CARTESIAN_POINT('',(95.5,95.5,12.5));
#2447=CARTESIAN_POINT('',(95.5,2.5,12.5));
#2448=CARTESIAN_POINT('Origin',(95.5,95.5,7.));
#2449=CARTESIAN_POINT('',(95.5,95.5,7.));
#2450=CARTESIAN_POINT('Origin',(95.5,2.5,7.));
#2451=CARTESIAN_POINT('Origin',(98.,98.,0.));
#2452=CARTESIAN_POINT('',(98.,98.,35.));
#2453=CARTESIAN_POINT('Origin',(0.,0.,0.));
#2454=CARTESIAN_POINT('',(0.,0.,35.));
#2455=CARTESIAN_POINT('Origin',(49.,49.,35.));
#2456=CARTESIAN_POINT('',(0.,0.,0.));
#2457=CARTESIAN_POINT('Origin',(19.,0.3,12.5));
#2458=CARTESIAN_POINT('',(19.,0.3,20.8115911944578));
#2459=CARTESIAN_POINT('',(19.,-0.36149430910703,27.5));
#2460=CARTESIAN_POINT('Ctrl Pts',(19.,0.3,20.8115911944578));
#2461=CARTESIAN_POINT('Ctrl Pts',(19.,0.0403718373507702,23.0369548564385));
#2462=CARTESIAN_POINT('Ctrl Pts',(19.,-0.179422287502889,25.2670282625997));
#2463=CARTESIAN_POINT('Ctrl Pts',(19.,-0.36149430910703,27.5));
#2464=CARTESIAN_POINT('',(19.,0.3,12.5));
#2465=CARTESIAN_POINT('',(19.,0.3,12.5));
#2466=CARTESIAN_POINT('',(19.,-12.,12.5));
#2467=CARTESIAN_POINT('',(19.,0.3,12.5));
#2468=CARTESIAN_POINT('',(19.,-12.,27.5));
#2469=CARTESIAN_POINT('',(19.,-12.,12.5));
#2470=CARTESIAN_POINT('',(19.,0.3,27.5));
#2471=CARTESIAN_POINT('Origin',(79.,0.3,12.5));
#2472=CARTESIAN_POINT('',(79.,0.3,20.8115911944578));
#2473=CARTESIAN_POINT('Ctrl Pts',(79.,0.3,20.8115911944578));
#2474=CARTESIAN_POINT('Ctrl Pts',(59.,0.3,20.8115911944578));
#2475=CARTESIAN_POINT('Ctrl Pts',(39.,0.3,20.8115911944578));
#2476=CARTESIAN_POINT('Ctrl Pts',(19.,0.3,20.8115911944578));
#2477=CARTESIAN_POINT('',(79.,0.3,12.5));
#2478=CARTESIAN_POINT('',(79.,0.3,12.5));
#2479=CARTESIAN_POINT('',(79.,0.3,12.5));
#2480=CARTESIAN_POINT('Origin',(79.,-12.,12.5));
#2481=CARTESIAN_POINT('',(79.,-0.361494309107031,27.5));
#2482=CARTESIAN_POINT('Ctrl Pts',(79.,-0.36149430910703,27.5));
#2483=CARTESIAN_POINT('Ctrl Pts',(79.,-0.179422287522003,25.2670282628342));
#2484=CARTESIAN_POINT('Ctrl Pts',(79.,0.0403718373487045,23.0369548564562));
#2485=CARTESIAN_POINT('Ctrl Pts',(79.,0.3,20.8115911944578));
#2486=CARTESIAN_POINT('',(79.,-12.,27.5));
#2487=CARTESIAN_POINT('',(79.,-12.,27.5));
#2488=CARTESIAN_POINT('',(79.,-12.,12.5));
#2489=CARTESIAN_POINT('',(79.,-12.,12.5));
#2490=CARTESIAN_POINT('',(79.,-12.,12.5));
#2491=CARTESIAN_POINT('Origin',(19.,-12.,12.5));
#2492=CARTESIAN_POINT('',(19.,-12.,12.5));
#2493=CARTESIAN_POINT('',(19.,-12.,27.5));
#2494=CARTESIAN_POINT('Origin',(49.,-5.85,27.5));
#2495=CARTESIAN_POINT('Ctrl Pts',(19.,-0.36149430910703,27.5));
#2496=CARTESIAN_POINT('Ctrl Pts',(39.,-0.36149430910703,27.5));
#2497=CARTESIAN_POINT('Ctrl Pts',(59.,-0.361494309107031,27.5));
#2498=CARTESIAN_POINT('Ctrl Pts',(79.,-0.361494309107031,27.5));
#2499=CARTESIAN_POINT('Origin',(49.,-5.85,12.5));
#2500=CARTESIAN_POINT('Ctrl Pts',(-19.,92.,0.));
#2501=CARTESIAN_POINT('Ctrl Pts',(-5.37474487032185,96.9693237608358,15.3431091731428));
#2502=CARTESIAN_POINT('Ctrl Pts',(1.02525512967815,98.9026570941691,32.0097758398095));
#2503=CARTESIAN_POINT('Ctrl Pts',(0.200000000000003,97.8,50.));
#2504=CARTESIAN_POINT('Ctrl Pts',(-19.,63.3333333333333,0.));
#2505=CARTESIAN_POINT('Ctrl Pts',(-5.37474487032187,64.9897745869453,15.3431091731428));
#2506=CARTESIAN_POINT('Ctrl Pts',(1.02525512967815,65.6342190313897,32.0097758398095));
#2507=CARTESIAN_POINT('Ctrl Pts',(0.200000000000003,65.2666666666667,50.));
#2508=CARTESIAN_POINT('Ctrl Pts',(-19.,34.6666666666667,0.));
#2509=CARTESIAN_POINT('Ctrl Pts',(-5.37474487032183,33.0102254130548,15.3431091731428));
#2510=CARTESIAN_POINT('Ctrl Pts',(1.02525512967815,32.3657809686103,32.0097758398094));
#2511=CARTESIAN_POINT('Ctrl Pts',(0.200000000000003,32.7333333333333,50.));
#2512=CARTESIAN_POINT('Ctrl Pts',(-19.,6.00000000000001,0.));
#2513=CARTESIAN_POINT('Ctrl Pts',(-5.37474487032185,1.03067623916432,15.3431091731428));
#2514=CARTESIAN_POINT('Ctrl Pts',(1.02525512967815,-0.902657094169036,32.0097758398095));
#2515=CARTESIAN_POINT('Ctrl Pts',(0.200000000000003,0.19999999999996,50.));
#2516=CARTESIAN_POINT('',(-19.,92.,0.));
#2517=CARTESIAN_POINT('',(-19.,6.,0.));
#2518=CARTESIAN_POINT('Ctrl Pts',(-19.,92.,0.));
#2519=CARTESIAN_POINT('Ctrl Pts',(-19.,63.3333333333333,0.));
#2520=CARTESIAN_POINT('Ctrl Pts',(-19.,34.6666666666667,0.));
#2521=CARTESIAN_POINT('Ctrl Pts',(-19.,6.00000000000001,0.));
#2522=CARTESIAN_POINT('',(0.19999999999996,97.8,50.));
#2523=CARTESIAN_POINT('Ctrl Pts',(-19.,92.,0.));
#2524=CARTESIAN_POINT('Ctrl Pts',(-7.93469685384703,96.0356729706482,12.4604018485894));
#2525=CARTESIAN_POINT('Ctrl Pts',(-1.63469685384702,98.0690063039816,25.7937351819228));
#2526=CARTESIAN_POINT('Ctrl Pts',(0.255051298931822,98.1071703750499,43.2866117917579));
#2527=CARTESIAN_POINT('Ctrl Pts',(0.355051298931802,98.0071703750499,46.6199451250913));
#2528=CARTESIAN_POINT('Ctrl Pts',(0.19999999999996,97.8,50.));
#2529=CARTESIAN_POINT('',(0.200000000000003,0.200000000000003,50.));
#2530=CARTESIAN_POINT('Ctrl Pts',(0.200000000000003,0.19999999999996,50.));
#2531=CARTESIAN_POINT('Ctrl Pts',(0.200000000000003,32.7333333333333,50.));
#2532=CARTESIAN_POINT('Ctrl Pts',(0.200000000000003,65.2666666666667,50.));
#2533=CARTESIAN_POINT('Ctrl Pts',(0.200000000000003,97.8,50.));
#2534=CARTESIAN_POINT('Ctrl Pts',(-19.,6.,0.));
#2535=CARTESIAN_POINT('Ctrl Pts',(-7.93469685384712,1.96432702935175,12.4604018485894));
#2536=CARTESIAN_POINT('Ctrl Pts',(-1.63469685384712,-0.0690063039815884,
25.7937351819228));
#2537=CARTESIAN_POINT('Ctrl Pts',(0.255051298931818,-0.107170375049934,
43.2866117917579));
#2538=CARTESIAN_POINT('Ctrl Pts',(0.355051298931819,-0.00717037504993263,
46.6199451250913));
#2539=CARTESIAN_POINT('Ctrl Pts',(0.200000000000003,0.200000000000003,50.));
#2540=CARTESIAN_POINT('Ctrl Pts',(-19.,6.,0.));
#2541=CARTESIAN_POINT('Ctrl Pts',(-5.37474487032185,1.0306762391642,15.3431091731428));
#2542=CARTESIAN_POINT('Ctrl Pts',(1.02525512967815,-0.902657094169128,32.0097758398095));
#2543=CARTESIAN_POINT('Ctrl Pts',(0.200000000000003,0.200000000000003,50.));
#2544=CARTESIAN_POINT('Ctrl Pts',(26.3333333333333,6.,0.));
#2545=CARTESIAN_POINT('Ctrl Pts',(30.875085043226,1.0306762391642,15.3431091731428));
#2546=CARTESIAN_POINT('Ctrl Pts',(33.0084183765594,-0.902657094169129,32.0097758398095));
#2547=CARTESIAN_POINT('Ctrl Pts',(32.7333333333333,0.200000000000003,50.));
#2548=CARTESIAN_POINT('Ctrl Pts',(71.6666666666667,6.,0.));
#2549=CARTESIAN_POINT('Ctrl Pts',(67.1249149567739,1.0306762391642,15.3431091731428));
#2550=CARTESIAN_POINT('Ctrl Pts',(64.9915816234405,-0.902657094169129,32.0097758398094));
#2551=CARTESIAN_POINT('Ctrl Pts',(65.2666666666667,0.200000000000003,50.));
#2552=CARTESIAN_POINT('Ctrl Pts',(117.,6.,0.));
#2553=CARTESIAN_POINT('Ctrl Pts',(103.374744870322,1.0306762391642,15.3431091731428));
#2554=CARTESIAN_POINT('Ctrl Pts',(96.9747448703218,-0.902657094169128,32.0097758398095));
#2555=CARTESIAN_POINT('Ctrl Pts',(97.8,0.200000000000003,50.));
#2556=CARTESIAN_POINT('',(117.,6.,0.));
#2557=CARTESIAN_POINT('Ctrl Pts',(-19.,6.,0.));
#2558=CARTESIAN_POINT('Ctrl Pts',(26.3333333333333,6.,0.));
#2559=CARTESIAN_POINT('Ctrl Pts',(71.6666666666667,6.,0.));
#2560=CARTESIAN_POINT('Ctrl Pts',(117.,6.,0.));
#2561=CARTESIAN_POINT('',(97.8,0.200000000000003,50.));
#2562=CARTESIAN_POINT('Ctrl Pts',(97.8,0.200000000000003,50.));
#2563=CARTESIAN_POINT('Ctrl Pts',(65.2666666666667,0.200000000000003,50.));
#2564=CARTESIAN_POINT('Ctrl Pts',(32.7333333333333,0.200000000000003,50.));
#2565=CARTESIAN_POINT('Ctrl Pts',(0.200000000000003,0.200000000000003,50.));
#2566=CARTESIAN_POINT('Ctrl Pts',(117.,6.,0.));
#2567=CARTESIAN_POINT('Ctrl Pts',(105.934696853847,1.96432702935175,12.4604018485894));
#2568=CARTESIAN_POINT('Ctrl Pts',(99.6346968538471,-0.0690063039815884,
25.7937351819228));
#2569=CARTESIAN_POINT('Ctrl Pts',(97.7449487010682,-0.107170375049934,43.2866117917579));
#2570=CARTESIAN_POINT('Ctrl Pts',(97.6449487010682,-0.00717037504993263,
46.6199451250913));
#2571=CARTESIAN_POINT('Ctrl Pts',(97.8,0.200000000000003,50.));
#2572=CARTESIAN_POINT('Ctrl Pts',(117.,6.,0.));
#2573=CARTESIAN_POINT('Ctrl Pts',(103.374744870322,1.0306762391642,15.3431091731428));
#2574=CARTESIAN_POINT('Ctrl Pts',(96.9747448703218,-0.902657094169128,32.0097758398095));
#2575=CARTESIAN_POINT('Ctrl Pts',(97.8,0.200000000000003,50.));
#2576=CARTESIAN_POINT('Ctrl Pts',(117.,34.6666666666667,0.));
#2577=CARTESIAN_POINT('Ctrl Pts',(103.374744870322,33.0102254130547,15.3431091731428));
#2578=CARTESIAN_POINT('Ctrl Pts',(96.9747448703218,32.3657809686103,32.0097758398095));
#2579=CARTESIAN_POINT('Ctrl Pts',(97.8,32.7333333333333,50.));
#2580=CARTESIAN_POINT('Ctrl Pts',(117.,63.3333333333333,0.));
#2581=CARTESIAN_POINT('Ctrl Pts',(103.374744870322,64.9897745869452,15.3431091731428));
#2582=CARTESIAN_POINT('Ctrl Pts',(96.9747448703218,65.6342190313896,32.0097758398094));
#2583=CARTESIAN_POINT('Ctrl Pts',(97.8,65.2666666666667,50.));
#2584=CARTESIAN_POINT('Ctrl Pts',(117.,92.,0.));
#2585=CARTESIAN_POINT('Ctrl Pts',(103.374744870322,96.9693237608357,15.3431091731428));
#2586=CARTESIAN_POINT('Ctrl Pts',(96.9747448703218,98.9026570941691,32.0097758398095));
#2587=CARTESIAN_POINT('Ctrl Pts',(97.8,97.8,50.));
#2588=CARTESIAN_POINT('',(117.,92.,0.));
#2589=CARTESIAN_POINT('Ctrl Pts',(117.,6.,0.));
#2590=CARTESIAN_POINT('Ctrl Pts',(117.,34.6666666666667,0.));
#2591=CARTESIAN_POINT('Ctrl Pts',(117.,63.3333333333333,0.));
#2592=CARTESIAN_POINT('Ctrl Pts',(117.,92.,0.));
#2593=CARTESIAN_POINT('',(97.8,97.8,50.));
#2594=CARTESIAN_POINT('Ctrl Pts',(97.8,97.8,50.));
#2595=CARTESIAN_POINT('Ctrl Pts',(97.8,65.2666666666667,50.));
#2596=CARTESIAN_POINT('Ctrl Pts',(97.8,32.7333333333333,50.));
#2597=CARTESIAN_POINT('Ctrl Pts',(97.8,0.200000000000003,50.));
#2598=CARTESIAN_POINT('Ctrl Pts',(117.,92.,0.));
#2599=CARTESIAN_POINT('Ctrl Pts',(105.934696853847,96.0356729706482,12.4604018485894));
#2600=CARTESIAN_POINT('Ctrl Pts',(99.6346968538471,98.0690063039816,25.7937351819228));
#2601=CARTESIAN_POINT('Ctrl Pts',(97.7449487010682,98.1071703750499,43.2866117917579));
#2602=CARTESIAN_POINT('Ctrl Pts',(97.6449487010682,98.0071703750499,46.6199451250913));
#2603=CARTESIAN_POINT('Ctrl Pts',(97.8,97.8,50.));
#2604=CARTESIAN_POINT('Ctrl Pts',(117.,92.,0.));
#2605=CARTESIAN_POINT('Ctrl Pts',(103.374744870322,96.9693237608358,15.3431091731428));
#2606=CARTESIAN_POINT('Ctrl Pts',(96.9747448703218,98.9026570941691,32.0097758398095));
#2607=CARTESIAN_POINT('Ctrl Pts',(97.8,97.8,50.));
#2608=CARTESIAN_POINT('Ctrl Pts',(71.6666666666667,92.,0.));
#2609=CARTESIAN_POINT('Ctrl Pts',(67.124914956774,96.9693237608358,15.3431091731428));
#2610=CARTESIAN_POINT('Ctrl Pts',(64.9915816234406,98.9026570941691,32.0097758398095));
#2611=CARTESIAN_POINT('Ctrl Pts',(65.2666666666667,97.8,50.));
#2612=CARTESIAN_POINT('Ctrl Pts',(26.3333333333333,92.,0.));
#2613=CARTESIAN_POINT('Ctrl Pts',(30.8750850432261,96.9693237608358,15.3431091731428));
#2614=CARTESIAN_POINT('Ctrl Pts',(33.0084183765594,98.9026570941691,32.0097758398094));
#2615=CARTESIAN_POINT('Ctrl Pts',(32.7333333333333,97.8,50.));
#2616=CARTESIAN_POINT('Ctrl Pts',(-19.,92.,0.));
#2617=CARTESIAN_POINT('Ctrl Pts',(-5.37474487032174,96.9693237608358,15.3431091731428));
#2618=CARTESIAN_POINT('Ctrl Pts',(1.02525512967825,98.9026570941691,32.0097758398095));
#2619=CARTESIAN_POINT('Ctrl Pts',(0.19999999999996,97.8,50.));
#2620=CARTESIAN_POINT('Ctrl Pts',(117.,92.,0.));
#2621=CARTESIAN_POINT('Ctrl Pts',(71.6666666666667,92.,0.));
#2622=CARTESIAN_POINT('Ctrl Pts',(26.3333333333333,92.,0.));
#2623=CARTESIAN_POINT('Ctrl Pts',(-19.,92.,0.));
#2624=CARTESIAN_POINT('Ctrl Pts',(0.19999999999996,97.8,50.));
#2625=CARTESIAN_POINT('Ctrl Pts',(32.7333333333333,97.8,50.));
#2626=CARTESIAN_POINT('Ctrl Pts',(65.2666666666667,97.8,50.));
#2627=CARTESIAN_POINT('Ctrl Pts',(97.8,97.8,50.));
#2628=CARTESIAN_POINT('Origin',(49.,49.,50.));
#2629=CARTESIAN_POINT('',(-0.999999999999996,99.,50.));
#2630=CARTESIAN_POINT('',(-1.,-1.,50.));
#2631=CARTESIAN_POINT('',(-1.,99.,50.));
#2632=CARTESIAN_POINT('',(99.,-1.,50.));
#2633=CARTESIAN_POINT('',(-1.,-1.,50.));
#2634=CARTESIAN_POINT('',(99.,99.,50.));
#2635=CARTESIAN_POINT('',(99.,-1.,50.));
#2636=CARTESIAN_POINT('',(99.,99.,50.));
#2637=CARTESIAN_POINT('Origin',(49.,49.,0.));
#2638=CARTESIAN_POINT('',(-21.,94.,0.));
#2639=CARTESIAN_POINT('',(-21.,4.,0.));
#2640=CARTESIAN_POINT('',(-21.,94.,0.));
#2641=CARTESIAN_POINT('',(119.,94.,0.));
#2642=CARTESIAN_POINT('',(119.,94.,0.));
#2643=CARTESIAN_POINT('',(119.,4.,0.));
#2644=CARTESIAN_POINT('',(119.,4.,0.));
#2645=CARTESIAN_POINT('',(-21.,4.,0.));
#2646=CARTESIAN_POINT('Ctrl Pts',(-21.,94.,0.));
#2647=CARTESIAN_POINT('Ctrl Pts',(-6.13365099694309,97.7165872507642,15.2369412691789));
#2648=CARTESIAN_POINT('Ctrl Pts',(0.533015669723574,99.3832539174309,31.9036079358456));
#2649=CARTESIAN_POINT('Ctrl Pts',(-1.,99.,50.));
#2650=CARTESIAN_POINT('Ctrl Pts',(-21.,64.,0.));
#2651=CARTESIAN_POINT('Ctrl Pts',(-6.13365099694309,65.2388624169214,15.2369412691789));
#2652=CARTESIAN_POINT('Ctrl Pts',(0.533015669723573,65.794417972477,31.9036079358456));
#2653=CARTESIAN_POINT('Ctrl Pts',(-1.,65.6666666666667,50.));
#2654=CARTESIAN_POINT('Ctrl Pts',(-21.,34.,0.));
#2655=CARTESIAN_POINT('Ctrl Pts',(-6.13365099694309,32.7611375830786,15.2369412691789));
#2656=CARTESIAN_POINT('Ctrl Pts',(0.533015669723574,32.205582027523,31.9036079358456));
#2657=CARTESIAN_POINT('Ctrl Pts',(-1.,32.3333333333333,50.));
#2658=CARTESIAN_POINT('Ctrl Pts',(-21.,4.,0.));
#2659=CARTESIAN_POINT('Ctrl Pts',(-6.13365099694309,0.283412749235776,15.2369412691789));
#2660=CARTESIAN_POINT('Ctrl Pts',(0.533015669723574,-1.38325391743089,31.9036079358456));
#2661=CARTESIAN_POINT('Ctrl Pts',(-1.,-0.999999999999996,50.));
#2662=CARTESIAN_POINT('Ctrl Pts',(-21.,4.,0.));
#2663=CARTESIAN_POINT('Ctrl Pts',(-8.91306915465903,0.978267288664757,12.3882370430842));
#2664=CARTESIAN_POINT('Ctrl Pts',(-2.24640248799236,-0.688399378001909,
25.7215703764175));
#2665=CARTESIAN_POINT('Ctrl Pts',(-0.713386818268789,-1.0716532954328,43.2833584527996));
#2666=CARTESIAN_POINT('Ctrl Pts',(-0.713386818268789,-1.0716532954328,46.6166917861329));
#2667=CARTESIAN_POINT('Ctrl Pts',(-1.,-1.,50.));
#2668=CARTESIAN_POINT('Ctrl Pts',(-21.,94.,0.));
#2669=CARTESIAN_POINT('Ctrl Pts',(-8.91306915465902,97.0217327113352,12.3882370430842));
#2670=CARTESIAN_POINT('Ctrl Pts',(-2.24640248799236,98.6883993780019,25.7215703764175));
#2671=CARTESIAN_POINT('Ctrl Pts',(-0.713386818268785,99.0716532954328,43.2833584527996));
#2672=CARTESIAN_POINT('Ctrl Pts',(-0.713386818268785,99.0716532954328,46.6166917861329));
#2673=CARTESIAN_POINT('Ctrl Pts',(-0.999999999999996,99.,50.));
#2674=CARTESIAN_POINT('Ctrl Pts',(-21.,4.,0.));
#2675=CARTESIAN_POINT('Ctrl Pts',(-6.13365099694309,0.283412749235773,15.2369412691789));
#2676=CARTESIAN_POINT('Ctrl Pts',(0.533015669723574,-1.38325391743089,31.9036079358456));
#2677=CARTESIAN_POINT('Ctrl Pts',(-1.,-1.,50.));
#2678=CARTESIAN_POINT('Ctrl Pts',(25.6666666666667,4.,0.));
#2679=CARTESIAN_POINT('Ctrl Pts',(30.6221163343523,0.283412749235773,15.2369412691789));
#2680=CARTESIAN_POINT('Ctrl Pts',(32.8443385565745,-1.38325391743089,31.9036079358456));
#2681=CARTESIAN_POINT('Ctrl Pts',(32.3333333333333,-1.,50.));
#2682=CARTESIAN_POINT('Ctrl Pts',(72.3333333333333,4.,0.));
#2683=CARTESIAN_POINT('Ctrl Pts',(67.3778836656477,0.283412749235773,15.2369412691789));
#2684=CARTESIAN_POINT('Ctrl Pts',(65.1556614434255,-1.38325391743089,31.9036079358456));
#2685=CARTESIAN_POINT('Ctrl Pts',(65.6666666666667,-1.,50.));
#2686=CARTESIAN_POINT('Ctrl Pts',(119.,4.,0.));
#2687=CARTESIAN_POINT('Ctrl Pts',(104.133650996943,0.283412749235773,15.2369412691789));
#2688=CARTESIAN_POINT('Ctrl Pts',(97.4669843302764,-1.38325391743089,31.9036079358456));
#2689=CARTESIAN_POINT('Ctrl Pts',(99.,-1.,50.));
#2690=CARTESIAN_POINT('Ctrl Pts',(119.,4.,0.));
#2691=CARTESIAN_POINT('Ctrl Pts',(106.913069154659,0.978267288664757,12.3882370430842));
#2692=CARTESIAN_POINT('Ctrl Pts',(100.246402487992,-0.688399378001909,25.7215703764175));
#2693=CARTESIAN_POINT('Ctrl Pts',(98.7133868182688,-1.0716532954328,43.2833584527996));
#2694=CARTESIAN_POINT('Ctrl Pts',(98.7133868182688,-1.0716532954328,46.6166917861329));
#2695=CARTESIAN_POINT('Ctrl Pts',(99.,-1.,50.));
#2696=CARTESIAN_POINT('Ctrl Pts',(119.,4.,0.));
#2697=CARTESIAN_POINT('Ctrl Pts',(104.133650996943,0.283412749235773,15.2369412691789));
#2698=CARTESIAN_POINT('Ctrl Pts',(97.4669843302764,-1.38325391743089,31.9036079358456));
#2699=CARTESIAN_POINT('Ctrl Pts',(99.,-1.,50.));
#2700=CARTESIAN_POINT('Ctrl Pts',(119.,34.,0.));
#2701=CARTESIAN_POINT('Ctrl Pts',(104.133650996943,32.7611375830786,15.2369412691789));
#2702=CARTESIAN_POINT('Ctrl Pts',(97.4669843302764,32.205582027523,31.9036079358456));
#2703=CARTESIAN_POINT('Ctrl Pts',(99.,32.3333333333333,50.));
#2704=CARTESIAN_POINT('Ctrl Pts',(119.,64.,0.));
#2705=CARTESIAN_POINT('Ctrl Pts',(104.133650996943,65.2388624169214,15.2369412691789));
#2706=CARTESIAN_POINT('Ctrl Pts',(97.4669843302764,65.794417972477,31.9036079358456));
#2707=CARTESIAN_POINT('Ctrl Pts',(99.,65.6666666666667,50.));
#2708=CARTESIAN_POINT('Ctrl Pts',(119.,94.,0.));
#2709=CARTESIAN_POINT('Ctrl Pts',(104.133650996943,97.7165872507642,15.2369412691789));
#2710=CARTESIAN_POINT('Ctrl Pts',(97.4669843302764,99.3832539174309,31.9036079358456));
#2711=CARTESIAN_POINT('Ctrl Pts',(99.,99.,50.));
#2712=CARTESIAN_POINT('Ctrl Pts',(119.,94.,0.));
#2713=CARTESIAN_POINT('Ctrl Pts',(106.913069154659,97.0217327113352,12.3882370430842));
#2714=CARTESIAN_POINT('Ctrl Pts',(100.246402487992,98.6883993780019,25.7215703764175));
#2715=CARTESIAN_POINT('Ctrl Pts',(98.7133868182688,99.0716532954328,43.2833584527996));
#2716=CARTESIAN_POINT('Ctrl Pts',(98.7133868182688,99.0716532954328,46.6166917861329));
#2717=CARTESIAN_POINT('Ctrl Pts',(99.,99.,50.));
#2718=CARTESIAN_POINT('Ctrl Pts',(119.,94.,0.));
#2719=CARTESIAN_POINT('Ctrl Pts',(104.133650996943,97.7165872507642,15.2369412691789));
#2720=CARTESIAN_POINT('Ctrl Pts',(97.4669843302764,99.3832539174309,31.9036079358456));
#2721=CARTESIAN_POINT('Ctrl Pts',(99.,99.,50.));
#2722=CARTESIAN_POINT('Ctrl Pts',(72.3333333333333,94.,0.));
#2723=CARTESIAN_POINT('Ctrl Pts',(67.3778836656477,97.7165872507642,15.2369412691789));
#2724=CARTESIAN_POINT('Ctrl Pts',(65.1556614434255,99.3832539174309,31.9036079358456));
#2725=CARTESIAN_POINT('Ctrl Pts',(65.6666666666667,99.,50.));
#2726=CARTESIAN_POINT('Ctrl Pts',(25.6666666666667,94.,0.));
#2727=CARTESIAN_POINT('Ctrl Pts',(30.6221163343523,97.7165872507642,15.2369412691789));
#2728=CARTESIAN_POINT('Ctrl Pts',(32.8443385565745,99.3832539174309,31.9036079358456));
#2729=CARTESIAN_POINT('Ctrl Pts',(32.3333333333333,99.,50.));
#2730=CARTESIAN_POINT('Ctrl Pts',(-21.,94.,0.));
#2731=CARTESIAN_POINT('Ctrl Pts',(-6.13365099694309,97.7165872507642,15.2369412691789));
#2732=CARTESIAN_POINT('Ctrl Pts',(0.533015669723577,99.3832539174309,31.9036079358456));
#2733=CARTESIAN_POINT('Ctrl Pts',(-0.999999999999996,99.,50.));
#2734=CARTESIAN_POINT('',(0.,0.,0.));
#2735=CARTESIAN_POINT('Origin',(85.,84.,0.));
#2736=CARTESIAN_POINT('',(85.,84.,0.));
#2737=CARTESIAN_POINT('',(79.,84.,0.));
#2738=CARTESIAN_POINT('',(67.,84.,0.));
#2739=CARTESIAN_POINT('',(85.,84.,5.));
#2740=CARTESIAN_POINT('',(85.,84.,0.));
#2741=CARTESIAN_POINT('',(79.,84.,5.));
#2742=CARTESIAN_POINT('',(67.,84.,5.));
#2743=CARTESIAN_POINT('',(79.,84.,0.));
#2744=CARTESIAN_POINT('Origin',(85.,14.,0.));
#2745=CARTESIAN_POINT('',(85.,14.,0.));
#2746=CARTESIAN_POINT('',(85.,31.5,0.));
#2747=CARTESIAN_POINT('',(85.,14.,5.));
#2748=CARTESIAN_POINT('',(85.,14.,0.));
#2749=CARTESIAN_POINT('',(85.,31.5,5.));
#2750=CARTESIAN_POINT('Origin',(79.,14.,0.));
#2751=CARTESIAN_POINT('',(79.,14.,0.));
#2752=CARTESIAN_POINT('',(64.,14.,0.));
#2753=CARTESIAN_POINT('',(79.,14.,5.));
#2754=CARTESIAN_POINT('',(79.,14.,0.));
#2755=CARTESIAN_POINT('',(64.,14.,5.));
#2756=CARTESIAN_POINT('Origin',(79.,84.,0.));
#2757=CARTESIAN_POINT('',(79.,66.5,0.));
#2758=CARTESIAN_POINT('',(79.,66.5,5.));
#2759=CARTESIAN_POINT('Origin',(69.,84.,0.));
#2760=CARTESIAN_POINT('',(69.,64.,0.));
#2761=CARTESIAN_POINT('',(69.,64.,5.));
#2762=CARTESIAN_POINT('',(69.,64.,0.));
#2763=CARTESIAN_POINT('',(69.,84.,0.));
#2764=CARTESIAN_POINT('',(69.,66.5,0.));
#2765=CARTESIAN_POINT('',(69.,84.,5.));
#2766=CARTESIAN_POINT('',(69.,84.,0.));
#2767=CARTESIAN_POINT('',(69.,66.5,5.));
#2768=CARTESIAN_POINT('Origin',(75.,84.,0.));
#2769=CARTESIAN_POINT('',(75.,84.,0.));
#2770=CARTESIAN_POINT('',(62.,84.,0.));
#2771=CARTESIAN_POINT('',(75.,84.,5.));
#2772=CARTESIAN_POINT('',(75.,84.,0.));
#2773=CARTESIAN_POINT('',(62.,84.,5.));
#2774=CARTESIAN_POINT('Origin',(75.,14.,0.));
#2775=CARTESIAN_POINT('',(75.,14.,0.));
#2776=CARTESIAN_POINT('',(75.,31.5,0.));
#2777=CARTESIAN_POINT('',(75.,14.,5.));
#2778=CARTESIAN_POINT('',(75.,14.,0.));
#2779=CARTESIAN_POINT('',(75.,31.5,5.));
#2780=CARTESIAN_POINT('Origin',(69.,14.,0.));
#2781=CARTESIAN_POINT('',(69.,14.,0.));
#2782=CARTESIAN_POINT('',(59.,14.,0.));
#2783=CARTESIAN_POINT('',(69.,14.,5.));
#2784=CARTESIAN_POINT('',(69.,14.,0.));
#2785=CARTESIAN_POINT('',(59.,14.,5.));
#2786=CARTESIAN_POINT('Origin',(69.,84.,0.));
#2787=CARTESIAN_POINT('',(69.,34.,5.));
#2788=CARTESIAN_POINT('',(69.,34.,0.));
#2789=CARTESIAN_POINT('',(69.,34.,0.));
#2790=CARTESIAN_POINT('',(69.,66.5,5.));
#2791=CARTESIAN_POINT('',(69.,66.5,0.));
#2792=CARTESIAN_POINT('Origin',(49.,49.,0.));
#2793=CARTESIAN_POINT('',(0.,98.,0.));
#2794=CARTESIAN_POINT('',(0.,0.,0.));
#2795=CARTESIAN_POINT('',(0.,98.,0.));
#2796=CARTESIAN_POINT('',(98.,98.,0.));
#2797=CARTESIAN_POINT('',(98.,98.,0.));
#2798=CARTESIAN_POINT('',(98.,0.,0.));
#2799=CARTESIAN_POINT('',(98.,0.,0.));
#2800=CARTESIAN_POINT('',(0.,0.,0.));
#2801=CARTESIAN_POINT('',(19.,84.,0.));
#2802=CARTESIAN_POINT('',(13.,84.,0.));
#2803=CARTESIAN_POINT('',(34.,84.,0.));
#2804=CARTESIAN_POINT('',(13.,14.,0.));
#2805=CARTESIAN_POINT('',(13.,66.5,0.));
#2806=CARTESIAN_POINT('',(19.,14.,0.));
#2807=CARTESIAN_POINT('',(31.,14.,0.));
#2808=CARTESIAN_POINT('',(19.,31.5,0.));
#2809=CARTESIAN_POINT('',(65.,68.2093727122985,0.));
#2810=CARTESIAN_POINT('Origin',(49.,49.,0.));
#2811=CARTESIAN_POINT('',(65.,84.,0.));
#2812=CARTESIAN_POINT('',(65.,31.5,0.));
#2813=CARTESIAN_POINT('',(59.,84.,0.));
#2814=CARTESIAN_POINT('',(57.,84.,0.));
#2815=CARTESIAN_POINT('',(59.,71.9128784747792,0.));
#2816=CARTESIAN_POINT('',(59.,66.5,0.));
#2817=CARTESIAN_POINT('',(39.,71.9128784747792,0.));
#2818=CARTESIAN_POINT('Origin',(49.,49.,0.));
#2819=CARTESIAN_POINT('',(39.,84.,0.));
#2820=CARTESIAN_POINT('',(39.,31.5,0.));
#2821=CARTESIAN_POINT('',(33.,84.,0.));
#2822=CARTESIAN_POINT('',(44.,84.,0.));
#2823=CARTESIAN_POINT('',(33.,68.2093727122985,0.));
#2824=CARTESIAN_POINT('',(33.,66.5,0.));
#2825=CARTESIAN_POINT('',(29.,64.,0.));
#2826=CARTESIAN_POINT('Origin',(49.,49.,0.));
#2827=CARTESIAN_POINT('',(29.,84.,0.));
#2828=CARTESIAN_POINT('',(29.,31.5,0.));
#2829=CARTESIAN_POINT('',(23.,84.,0.));
#2830=CARTESIAN_POINT('',(39.,84.,0.));
#2831=CARTESIAN_POINT('',(23.,14.,0.));
#2832=CARTESIAN_POINT('',(23.,66.5,0.));
#2833=CARTESIAN_POINT('',(29.,14.,0.));
#2834=CARTESIAN_POINT('',(36.,14.,0.));
#2835=CARTESIAN_POINT('',(29.,34.,0.));
#2836=CARTESIAN_POINT('',(29.,31.5,0.));
#2837=CARTESIAN_POINT('',(33.,29.7906272877015,0.));
#2838=CARTESIAN_POINT('Origin',(49.,49.,0.));
#2839=CARTESIAN_POINT('',(33.,14.,0.));
#2840=CARTESIAN_POINT('',(33.,66.5,0.));
#2841=CARTESIAN_POINT('',(39.,14.,0.));
#2842=CARTESIAN_POINT('',(41.,14.,0.));
#2843=CARTESIAN_POINT('',(39.,26.0871215252208,0.));
#2844=CARTESIAN_POINT('',(39.,31.5,0.));
#2845=CARTESIAN_POINT('',(59.,26.0871215252208,0.));
#2846=CARTESIAN_POINT('Origin',(49.,49.,0.));
#2847=CARTESIAN_POINT('',(59.,14.,0.));
#2848=CARTESIAN_POINT('',(59.,66.5,0.));
#2849=CARTESIAN_POINT('',(65.,14.,0.));
#2850=CARTESIAN_POINT('',(54.,14.,0.));
#2851=CARTESIAN_POINT('',(65.,29.7906272877015,0.));
#2852=CARTESIAN_POINT('',(65.,31.5,0.));
#2853=CARTESIAN_POINT('Origin',(49.,49.,0.));
#2854=CARTESIAN_POINT('',(88.15,90.25,0.));
#2855=CARTESIAN_POINT('Origin',(90.25,90.25,0.));
#2856=CARTESIAN_POINT('',(88.15,7.75,0.));
#2857=CARTESIAN_POINT('Origin',(90.25,7.75,0.));
#2858=CARTESIAN_POINT('',(5.65,90.25,0.));
#2859=CARTESIAN_POINT('Origin',(7.75,90.25,0.));
#2860=CARTESIAN_POINT('',(5.65,7.75,0.));
#2861=CARTESIAN_POINT('Origin',(7.75,7.75,0.));
#2862=CARTESIAN_POINT('Origin',(49.,49.,0.));
#2863=CARTESIAN_POINT('',(65.,68.2093727122985,5.));
#2864=CARTESIAN_POINT('Origin',(49.,49.,5.));
#2865=CARTESIAN_POINT('',(65.,68.2093727122985,0.));
#2866=CARTESIAN_POINT('Origin',(59.,84.,0.));
#2867=CARTESIAN_POINT('',(59.,26.0871215252208,5.));
#2868=CARTESIAN_POINT('',(59.,26.0871215252208,0.));
#2869=CARTESIAN_POINT('',(59.,14.,5.));
#2870=CARTESIAN_POINT('',(59.,66.5,5.));
#2871=CARTESIAN_POINT('',(59.,14.,0.));
#2872=CARTESIAN_POINT('Origin',(59.,84.,0.));
#2873=CARTESIAN_POINT('',(59.,71.9128784747792,5.));
#2874=CARTESIAN_POINT('',(59.,71.9128784747792,0.));
#2875=CARTESIAN_POINT('',(59.,84.,5.));
#2876=CARTESIAN_POINT('',(59.,84.,0.));
#2877=CARTESIAN_POINT('',(59.,66.5,5.));
#2878=CARTESIAN_POINT('Origin',(65.,14.,0.));
#2879=CARTESIAN_POINT('',(65.,29.7906272877015,5.));
#2880=CARTESIAN_POINT('',(65.,29.7906272877015,0.));
#2881=CARTESIAN_POINT('',(65.,14.,5.));
#2882=CARTESIAN_POINT('',(65.,14.,0.));
#2883=CARTESIAN_POINT('',(65.,31.5,5.));
#2884=CARTESIAN_POINT('Origin',(65.,84.,0.));
#2885=CARTESIAN_POINT('',(65.,84.,5.));
#2886=CARTESIAN_POINT('',(65.,84.,0.));
#2887=CARTESIAN_POINT('',(57.,84.,5.));
#2888=CARTESIAN_POINT('Origin',(65.,14.,0.));
#2889=CARTESIAN_POINT('',(65.,31.5,5.));
#2890=CARTESIAN_POINT('Origin',(59.,14.,0.));
#2891=CARTESIAN_POINT('',(54.,14.,5.));
#2892=CARTESIAN_POINT('Origin',(49.,49.,0.));
#2893=CARTESIAN_POINT('',(39.,26.0871215252208,5.));
#2894=CARTESIAN_POINT('',(39.,26.0871215252208,0.));
#2895=CARTESIAN_POINT('Origin',(49.,49.,5.));
#2896=CARTESIAN_POINT('Origin',(49.,49.,0.));
#2897=CARTESIAN_POINT('',(39.,71.9128784747792,5.));
#2898=CARTESIAN_POINT('Origin',(49.,49.,5.));
#2899=CARTESIAN_POINT('',(39.,71.9128784747792,0.));
#2900=CARTESIAN_POINT('Origin',(33.,84.,0.));
#2901=CARTESIAN_POINT('',(33.,29.7906272877015,5.));
#2902=CARTESIAN_POINT('',(33.,29.7906272877015,0.));
#2903=CARTESIAN_POINT('',(33.,14.,5.));
#2904=CARTESIAN_POINT('',(33.,66.5,5.));
#2905=CARTESIAN_POINT('',(33.,14.,0.));
#2906=CARTESIAN_POINT('Origin',(33.,84.,0.));
#2907=CARTESIAN_POINT('',(33.,68.2093727122985,5.));
#2908=CARTESIAN_POINT('',(33.,68.2093727122985,0.));
#2909=CARTESIAN_POINT('',(33.,84.,5.));
#2910=CARTESIAN_POINT('',(33.,84.,0.));
#2911=CARTESIAN_POINT('',(33.,66.5,5.));
#2912=CARTESIAN_POINT('Origin',(39.,14.,0.));
#2913=CARTESIAN_POINT('',(39.,14.,5.));
#2914=CARTESIAN_POINT('',(39.,14.,0.));
#2915=CARTESIAN_POINT('',(39.,31.5,5.));
#2916=CARTESIAN_POINT('Origin',(39.,84.,0.));
#2917=CARTESIAN_POINT('',(39.,84.,5.));
#2918=CARTESIAN_POINT('',(39.,84.,0.));
#2919=CARTESIAN_POINT('',(44.,84.,5.));
#2920=CARTESIAN_POINT('Origin',(39.,14.,0.));
#2921=CARTESIAN_POINT('',(39.,31.5,5.));
#2922=CARTESIAN_POINT('Origin',(33.,14.,0.));
#2923=CARTESIAN_POINT('',(41.,14.,5.));
#2924=CARTESIAN_POINT('Origin',(49.,49.,0.));
#2925=CARTESIAN_POINT('',(29.,34.,5.));
#2926=CARTESIAN_POINT('',(29.,34.,0.));
#2927=CARTESIAN_POINT('Origin',(49.,49.,5.));
#2928=CARTESIAN_POINT('Origin',(49.,49.,0.));
#2929=CARTESIAN_POINT('',(29.,64.,5.));
#2930=CARTESIAN_POINT('Origin',(49.,49.,5.));
#2931=CARTESIAN_POINT('',(29.,64.,0.));
#2932=CARTESIAN_POINT('Origin',(29.,14.,0.));
#2933=CARTESIAN_POINT('',(29.,14.,5.));
#2934=CARTESIAN_POINT('',(29.,14.,0.));
#2935=CARTESIAN_POINT('',(29.,31.5,5.));
#2936=CARTESIAN_POINT('Origin',(29.,84.,0.));
#2937=CARTESIAN_POINT('',(29.,84.,5.));
#2938=CARTESIAN_POINT('',(29.,84.,0.));
#2939=CARTESIAN_POINT('',(23.,84.,5.));
#2940=CARTESIAN_POINT('',(39.,84.,5.));
#2941=CARTESIAN_POINT('',(23.,84.,0.));
#2942=CARTESIAN_POINT('Origin',(29.,14.,0.));
#2943=CARTESIAN_POINT('',(29.,31.5,5.));
#2944=CARTESIAN_POINT('Origin',(23.,14.,0.));
#2945=CARTESIAN_POINT('',(23.,14.,5.));
#2946=CARTESIAN_POINT('',(23.,14.,0.));
#2947=CARTESIAN_POINT('',(36.,14.,5.));
#2948=CARTESIAN_POINT('Origin',(23.,84.,0.));
#2949=CARTESIAN_POINT('',(23.,66.5,5.));
#2950=CARTESIAN_POINT('Origin',(19.,84.,0.));
#2951=CARTESIAN_POINT('',(19.,84.,5.));
#2952=CARTESIAN_POINT('',(19.,84.,0.));
#2953=CARTESIAN_POINT('',(13.,84.,5.));
#2954=CARTESIAN_POINT('',(34.,84.,5.));
#2955=CARTESIAN_POINT('',(13.,84.,0.));
#2956=CARTESIAN_POINT('Origin',(19.,14.,0.));
#2957=CARTESIAN_POINT('',(19.,14.,5.));
#2958=CARTESIAN_POINT('',(19.,14.,0.));
#2959=CARTESIAN_POINT('',(19.,31.5,5.));
#2960=CARTESIAN_POINT('Origin',(13.,14.,0.));
#2961=CARTESIAN_POINT('',(13.,14.,5.));
#2962=CARTESIAN_POINT('',(13.,14.,0.));
#2963=CARTESIAN_POINT('',(31.,14.,5.));
#2964=CARTESIAN_POINT('Origin',(13.,84.,0.));
#2965=CARTESIAN_POINT('',(13.,66.5,5.));
#2966=CARTESIAN_POINT('Origin',(49.,49.,0.));
#2967=CARTESIAN_POINT('Origin',(49.,49.,5.));
#2968=CARTESIAN_POINT('Origin',(90.25,90.25,0.));
#2969=CARTESIAN_POINT('',(88.15,90.25,5.));
#2970=CARTESIAN_POINT('',(88.15,90.25,0.));
#2971=CARTESIAN_POINT('Origin',(90.25,90.25,5.));
#2972=CARTESIAN_POINT('Origin',(90.25,7.75,0.));
#2973=CARTESIAN_POINT('',(88.15,7.75,5.));
#2974=CARTESIAN_POINT('',(88.15,7.75,0.));
#2975=CARTESIAN_POINT('Origin',(90.25,7.75,5.));
#2976=CARTESIAN_POINT('Origin',(7.75,90.25,0.));
#2977=CARTESIAN_POINT('',(5.65,90.25,5.));
#2978=CARTESIAN_POINT('',(5.65,90.25,0.));
#2979=CARTESIAN_POINT('Origin',(7.75,90.25,5.));
#2980=CARTESIAN_POINT('Origin',(7.75,7.75,0.));
#2981=CARTESIAN_POINT('',(5.65,7.75,5.));
#2982=CARTESIAN_POINT('',(5.65,7.75,0.));
#2983=CARTESIAN_POINT('Origin',(7.75,7.75,5.));
#2984=CARTESIAN_POINT('Origin',(98.,98.,0.));
#2985=CARTESIAN_POINT('',(0.,98.,5.));
#2986=CARTESIAN_POINT('',(0.,98.,0.));
#2987=CARTESIAN_POINT('',(98.,98.,5.));
#2988=CARTESIAN_POINT('',(98.,98.,5.));
#2989=CARTESIAN_POINT('',(98.,98.,0.));
#2990=CARTESIAN_POINT('Origin',(98.,0.,0.));
#2991=CARTESIAN_POINT('',(98.,0.,5.));
#2992=CARTESIAN_POINT('',(98.,0.,5.));
#2993=CARTESIAN_POINT('',(98.,0.,0.));
#2994=CARTESIAN_POINT('Origin',(0.,0.,0.));
#2995=CARTESIAN_POINT('',(0.,0.,5.));
#2996=CARTESIAN_POINT('',(0.,0.,5.));
#2997=CARTESIAN_POINT('',(0.,0.,0.));
#2998=CARTESIAN_POINT('Origin',(0.,98.,0.));
#2999=CARTESIAN_POINT('',(0.,98.,5.));
#3000=CARTESIAN_POINT('Origin',(49.,49.,5.));
#3001=CARTESIAN_POINT('',(0.,0.,0.));
#3002=CARTESIAN_POINT('',(0.,0.,-40.));
#3003=CARTESIAN_POINT('',(0.,0.,35.));
#3004=UNCERTAINTY_MEASURE_WITH_UNIT(LENGTH_MEASURE(0.01),#3014,
'DISTANCE_ACCURACY_VALUE',
'Maximum model space distance between geometric entities at asserted c
onnectivities');
#3005=UNCERTAINTY_MEASURE_WITH_UNIT(LENGTH_MEASURE(0.01),#3014,
'DISTANCE_ACCURACY_VALUE',
'Maximum model space distance between geometric entities at asserted c
onnectivities');
#3006=UNCERTAINTY_MEASURE_WITH_UNIT(LENGTH_MEASURE(0.01),#3014,
'DISTANCE_ACCURACY_VALUE',
'Maximum model space distance between geometric entities at asserted c
onnectivities');
#3007=UNCERTAINTY_MEASURE_WITH_UNIT(LENGTH_MEASURE(0.01),#3014,
'DISTANCE_ACCURACY_VALUE',
'Maximum model space distance between geometric entities at asserted c
onnectivities');
#3008=UNCERTAINTY_MEASURE_WITH_UNIT(LENGTH_MEASURE(0.01),#3014,
'DISTANCE_ACCURACY_VALUE',
'Maximum model space distance between geometric entities at asserted c
onnectivities');
#3009=(
GEOMETRIC_REPRESENTATION_CONTEXT(3)
GLOBAL_UNCERTAINTY_ASSIGNED_CONTEXT((#3004))
GLOBAL_UNIT_ASSIGNED_CONTEXT((#3014,#3016,#3017))
REPRESENTATION_CONTEXT('','3D')
);
#3010=(
GEOMETRIC_REPRESENTATION_CONTEXT(3)
GLOBAL_UNCERTAINTY_ASSIGNED_CONTEXT((#3005))
GLOBAL_UNIT_ASSIGNED_CONTEXT((#3014,#3016,#3017))
REPRESENTATION_CONTEXT('','3D')
);
#3011=(
GEOMETRIC_REPRESENTATION_CONTEXT(3)
GLOBAL_UNCERTAINTY_ASSIGNED_CONTEXT((#3006))
GLOBAL_UNIT_ASSIGNED_CONTEXT((#3014,#3016,#3017))
REPRESENTATION_CONTEXT('','3D')
);
#3012=(
GEOMETRIC_REPRESENTATION_CONTEXT(3)
GLOBAL_UNCERTAINTY_ASSIGNED_CONTEXT((#3007))
GLOBAL_UNIT_ASSIGNED_CONTEXT((#3014,#3016,#3017))
REPRESENTATION_CONTEXT('','3D')
);
#3013=(
GEOMETRIC_REPRESENTATION_CONTEXT(3)
GLOBAL_UNCERTAINTY_ASSIGNED_CONTEXT((#3008))
GLOBAL_UNIT_ASSIGNED_CONTEXT((#3014,#3016,#3017))
REPRESENTATION_CONTEXT('','3D')
);
#3014=(
LENGTH_UNIT()
NAMED_UNIT(*)
SI_UNIT(.MILLI.,.METRE.)
);
#3015=(
LENGTH_UNIT()
NAMED_UNIT(*)
SI_UNIT($,.METRE.)
);
#3016=(
NAMED_UNIT(*)
PLANE_ANGLE_UNIT()
SI_UNIT($,.RADIAN.)
);
#3017=(
NAMED_UNIT(*)
SI_UNIT($,.STERADIAN.)
SOLID_ANGLE_UNIT()
);
#3018=SHAPE_DEFINITION_REPRESENTATION(#3022,#3029);
#3019=SHAPE_DEFINITION_REPRESENTATION(#3023,#3030);
#3020=SHAPE_DEFINITION_REPRESENTATION(#3024,#3031);
#3021=SHAPE_DEFINITION_REPRESENTATION(#3025,#3032);
#3022=PRODUCT_DEFINITION_SHAPE('',$,#3034);
#3023=PRODUCT_DEFINITION_SHAPE('',$,#3035);
#3024=PRODUCT_DEFINITION_SHAPE('',$,#3036);
#3025=PRODUCT_DEFINITION_SHAPE('',$,#3037);
#3026=PRODUCT_DEFINITION_SHAPE($,$,#20);
#3027=PRODUCT_DEFINITION_SHAPE($,$,#21);
#3028=PRODUCT_DEFINITION_SHAPE($,$,#22);
#3029=SHAPE_REPRESENTATION('',(#1732,#1832,#1833,#1834),#3009);
#3030=SHAPE_REPRESENTATION('',(#1733),#3010);
#3031=SHAPE_REPRESENTATION('',(#1756),#3011);
#3032=SHAPE_REPRESENTATION('',(#1765),#3012);
#3033=PRODUCT_DEFINITION_CONTEXT('part definition',#3047,'design');
#3034=PRODUCT_DEFINITION('2026-08-28-23-34-08-476','Full 3D Model',#3038,
#3033);
#3035=PRODUCT_DEFINITION('2026-08-28-23-59-47-155','Body Tube',#3039,#3033);
#3036=PRODUCT_DEFINITION('2026-08-28-23-59-47-840','Hood',#3040,#3033);
#3037=PRODUCT_DEFINITION('2026-08-28-23-59-48-854','Back Plate',#3041,#3033);
#3038=PRODUCT_DEFINITION_FORMATION('',$,#3049);
#3039=PRODUCT_DEFINITION_FORMATION('',$,#3050);
#3040=PRODUCT_DEFINITION_FORMATION('',$,#3051);
#3041=PRODUCT_DEFINITION_FORMATION('',$,#3052);
#3042=PRODUCT_RELATED_PRODUCT_CATEGORY('Full 3D Model','Full 3D Model',
(#3049));
#3043=PRODUCT_RELATED_PRODUCT_CATEGORY('Body Tube','Body Tube',(#3050));
#3044=PRODUCT_RELATED_PRODUCT_CATEGORY('Hood','Hood',(#3051));
#3045=PRODUCT_RELATED_PRODUCT_CATEGORY('Back Plate','Back Plate',(#3052));
#3046=APPLICATION_PROTOCOL_DEFINITION('international standard',
'automotive_design',2009,#3047);
#3047=APPLICATION_CONTEXT(
'Core Data for Automotive Mechanical Design Process');
#3048=PRODUCT_CONTEXT('part definition',#3047,'mechanical');
#3049=PRODUCT('2026-08-28-23-34-08-476','Full 3D Model',$,(#3048));
#3050=PRODUCT('2026-08-28-23-59-47-155','Body Tube',$,(#3048));
#3051=PRODUCT('2026-08-28-23-59-47-840','Hood',$,(#3048));
#3052=PRODUCT('2026-08-28-23-59-48-854','Back Plate',$,(#3048));
#3053=PRESENTATION_STYLE_ASSIGNMENT((#3054));
#3054=SURFACE_STYLE_USAGE(.BOTH.,#3055);
#3055=SURFACE_SIDE_STYLE('',(#3056));
#3056=SURFACE_STYLE_FILL_AREA(#3057);
#3057=FILL_AREA_STYLE('Steel - Satin',(#3058));
#3058=FILL_AREA_STYLE_COLOUR('Steel - Satin',#3059);
#3059=COLOUR_RGB('Steel - Satin',0.627450980392157,0.627450980392157,0.627450980392157);
ENDSEC;
END-ISO-10303-21;
